"rep","arm","global_strength_est","mae_all","mae_true_nonzero","mae_true_zero","n_phantom_edges_gt_01"
1,"baseline",6.23953605615384,0.10660714708653,0.0630748947125408,0.123350321076526,12
1,"naive",6.33073566068795,0.0938168766431311,0.0658643942381977,0.104567831414259,14
1,"adjusted",4.82816698649016,0.0668772719005152,0.043800813297757,0.0757528329015761,5
2,"baseline",4.91269409773628,0.0994328156448146,0.106571120417491,0.0966873138091699,11
2,"naive",6.32494106914881,0.0936879965769942,0.0955660555344443,0.0929656662087441,11
2,"adjusted",4.7710952005643,0.0704356785569608,0.0826053273818225,0.0657550443935525,7
3,"baseline",5.90564036483879,0.099434699622811,0.0862143268542144,0.104519458379964,11
3,"naive",6.32657716351034,0.101003633172198,0.0635065201838791,0.115425599706167,12
3,"adjusted",5.16307632210713,0.0881268102590303,0.064684277995434,0.097143168821952,12
4,"baseline",5.99039346446062,0.0929677955155565,0.0931860241344842,0.0928838614313535,10
4,"naive",6.21612359101939,0.104822495454543,0.0876314986395765,0.111434417306453,10
4,"adjusted",5.02733864439573,0.0909547886792907,0.0964732715780248,0.0888322952567007,10
5,"baseline",6.16082397375806,0.099286698557227,0.100170572481912,0.0989467470477328,11
5,"naive",6.22311327571568,0.0996588710597098,0.0598216133527601,0.11498089325469,14
5,"adjusted",4.91555924755779,0.0849278990796057,0.0694187740679159,0.0908929471610248,9
6,"baseline",4.76869235793218,0.0714996196788219,0.0516676212352099,0.0791273113879035,6
6,"naive",6.42646668619102,0.0968422849893583,0.0812509542110464,0.102838950673324,14
6,"adjusted",5.20418349434062,0.0818001921288934,0.0817521120244365,0.0818186844767614,6
7,"baseline",6.78658802524096,0.103794111812249,0.0739032269163336,0.115290606002986,13
7,"naive",6.80164330349621,0.106803061052664,0.109787251198094,0.105655295612115,15
7,"adjusted",5.3400073044938,0.0829188700260958,0.0916093832458175,0.0795763649415874,8
8,"baseline",4.93574550421604,0.085676262844914,0.10165475483606,0.0795306890021656,7
8,"naive",6.26651473264886,0.0987827657688154,0.0747413508471162,0.108029463815623,13
8,"adjusted",5.05421201063276,0.0817939486975209,0.0659208991292168,0.0878989677622532,8
9,"baseline",5.92767168499724,0.0865064304581071,0.0645124171726193,0.0949656663371409,8
9,"naive",6.53799115089973,0.101562543807119,0.112780269381496,0.0972480339708206,9
9,"adjusted",5.33812709065307,0.0809948235954596,0.0754094304647266,0.0831430517226646,10
10,"baseline",5.53867120532062,0.0920502478631802,0.0960741462350545,0.0905025946432285,12
10,"naive",7.50182448542311,0.144905099872583,0.173555601775335,0.133885676063832,14
10,"adjusted",6.3687261149989,0.121324344833131,0.146759341603924,0.111541653767441,10
11,"baseline",5.80763572681975,0.0898167881650837,0.0888648295387496,0.0901829260982892,12
11,"naive",5.78897114738009,0.0995392733915781,0.0975960874478773,0.100286652600694,13
11,"adjusted",5.089187403603,0.0931719152525406,0.0855543607325128,0.0961017439140897,7
12,"baseline",6.3264207525997,0.10220720707321,0.102584334763018,0.102062157961745,11
12,"naive",5.65778723185659,0.098308288554285,0.0756956015897691,0.10700547584833,11
12,"adjusted",4.27706167207168,0.0837366675973415,0.0909565286369187,0.0809597979667349,8
13,"baseline",4.5812169633046,0.0845593880794285,0.106389865592798,0.0761630505742865,10
13,"naive",6.86331299893805,0.108309177566828,0.108370379550352,0.108285638342395,13
13,"adjusted",5.57702720549707,0.0823663955874437,0.0788478122852494,0.0837196968575184,9
14,"baseline",4.97425912180297,0.0772698336035335,0.0630662451665914,0.0827327522331266,6
14,"naive",6.73865849776784,0.110437636014322,0.120678650276771,0.106498784374918,12
14,"adjusted",5.67404566594824,0.0924237159627184,0.0935497741798141,0.0919906166484509,8
15,"baseline",4.91539250272819,0.0782788096917337,0.0805547997711448,0.0774034288919602,7
15,"naive",5.8478786445377,0.0959276240855615,0.105808845117266,0.092127154457983,8
15,"adjusted",4.90589844469546,0.0838274277193231,0.0950397776896648,0.0795149854230379,6
16,"baseline",4.89762548781332,0.0942074316727558,0.105352044368025,0.0899210421745753,9
16,"naive",6.4800570978634,0.106242195403086,0.097824213220291,0.109479880858007,11
16,"adjusted",5.48444748398266,0.0901429256745049,0.0692251114201091,0.0981882388492725,11
17,"baseline",5.69872270073071,0.0893370550604385,0.0785576699363871,0.0934829724158429,8
17,"naive",5.9195914581452,0.0864916453406426,0.121603433009059,0.0729871116220208,7
17,"adjusted",5.24585852839745,0.0796934246464128,0.101431383150193,0.071332671375728,6
18,"baseline",5.68666580966655,0.0872632010746823,0.101115791752456,0.0819352815832311,7
18,"naive",6.60482003720248,0.101140686961864,0.113697858172758,0.0963110057269055,10
18,"adjusted",5.17076984003992,0.0778844634112735,0.0978872498401975,0.0701910840155335,8
19,"baseline",5.12205639371713,0.0817183399438397,0.102672976919871,0.0736588641838278,8
19,"naive",7.64030748993776,0.129855092877663,0.124742537129914,0.131821460472952,15
19,"adjusted",5.9275174666228,0.08672082560015,0.0670858653990477,0.0942727333698048,12
20,"baseline",5.14714624668908,0.0688910063809671,0.0519138380736586,0.0754206864991627,7
20,"naive",6.75402145645791,0.106508194269217,0.0838364436440813,0.115228098355808,15
20,"adjusted",5.68210286185828,0.0914389033183099,0.0665004274309031,0.101030624813466,10
21,"baseline",4.80195388271709,0.080919241851421,0.0695967138314498,0.0852740603206407,6
21,"naive",6.03361032517074,0.0946524408679028,0.0760822324630641,0.101794828715918,11
21,"adjusted",4.90181796215624,0.0764102071865088,0.0730242388735571,0.0777125026914902,8
22,"baseline",5.14714471493277,0.0918188524625838,0.139396793620514,0.0735196443249183,8
22,"naive",6.42942262949231,0.0999465145313009,0.0732815336579226,0.110202276405677,11
22,"adjusted",5.28424454891569,0.0863739470568386,0.0656968747688648,0.0943266671675977,10
23,"baseline",5.53510810097667,0.0840446816774923,0.0739159370909065,0.0879403526723329,8
23,"naive",6.87103600601777,0.107729945731098,0.0909149079457076,0.114197267956248,13
23,"adjusted",5.81087903338698,0.0899834521248028,0.0712017725004977,0.0972071750572279,10
24,"baseline",5.14664425818264,0.0800197029309342,0.0543560354744227,0.0898903442603618,8
24,"naive",6.12929986288094,0.095936579953758,0.0963726668855563,0.0957688542107587,9
24,"adjusted",5.08044893639622,0.0838384216053973,0.0820389258248635,0.084530535367141,8
25,"baseline",4.72932843178237,0.0808679602332961,0.0713764177203661,0.0845185535075,8
25,"naive",6.24762411431493,0.0981061110435287,0.0622795127293256,0.111885571933607,12
25,"adjusted",4.57276158493886,0.0807070511286595,0.0779933897088435,0.081750767059358,7
26,"baseline",6.00186987941256,0.104493241595885,0.0947421499845937,0.108243661446382,13
26,"naive",6.194720108575,0.0997868239566522,0.114194548700062,0.0942453913630332,9
26,"adjusted",4.96118126316176,0.0844735873269599,0.114160551953635,0.073055524009008,6
27,"baseline",5.56614294027111,0.0982112575296514,0.0728659817997805,0.107959440502679,15
27,"naive",6.16187254929346,0.0998982744317088,0.113851064374142,0.0945318167615422,9
27,"adjusted",5.36305885729087,0.0847407003127755,0.0877552343782276,0.0835812641337555,8
28,"baseline",5.84460372679858,0.102153269801807,0.120606728153004,0.0950557858205771,9
28,"naive",6.93650961507846,0.108886712914397,0.0809409342481658,0.119635089324486,13
28,"adjusted",5.65674414871283,0.090557638278868,0.0644000435092337,0.100618251651804,11
29,"baseline",5.35042307360817,0.0821526978767305,0.0493503707597087,0.0947689775371235,11
29,"naive",6.70443935161707,0.116409926488409,0.131023762826583,0.110789220204496,16
29,"adjusted",5.66140809663457,0.0960245192657945,0.0907834798432895,0.0980403036590656,13
30,"baseline",5.4340765497852,0.0987002624831834,0.0829723554698546,0.10474945748831,10
30,"naive",6.61518746388084,0.106048510139616,0.102601898261944,0.107374130092567,11
30,"adjusted",5.45341222905692,0.0834257606803402,0.0723566278697518,0.0876831194536434,10
