"step","time_since_shock","mean_P","se_P","mean_M","se_M","mean_m"
1,-200,0,0,2.65,0.106744893844198,0.294444444444444
2,-199,-0.000679950420061517,0.000406810566526005,2.655,0.0973512265281372,0.295
3,-198,-0.00044570039330906,0.00058958718535799,2.4,0.107038714641763,0.266666666666667
4,-197,-0.000225767108883204,0.000697391188357385,2.39,0.0901673486011917,0.265555555555556
5,-196,4.56818380283224e-05,0.000805580757737567,2.43,0.0998768085414333,0.27
6,-195,-0.000389343693294056,0.000883317807977257,2.515,0.105377402629428,0.279444444444444
7,-194,-0.000217510878471845,0.000960462983632882,2.4,0.108206019765851,0.266666666666667
8,-193,-0.00126211680222959,0.00100749794259293,2.555,0.10092474434003,0.283888888888889
9,-192,-0.00115302893352387,0.00103825339258952,2.43,0.0949768551546922,0.27
10,-191,-0.00127438759160722,0.00110759610593434,2.35,0.0907118692128015,0.261111111111111
11,-190,-0.00121020791516627,0.00115392562013194,2.57,0.108787284950192,0.285555555555556
12,-189,-0.00104614272189,0.00125636407347979,2.49,0.0982229031003836,0.276666666666667
13,-188,-0.000912402532101742,0.00134764405539607,2.515,0.0971910774075387,0.279444444444444
14,-187,-0.00110487658052792,0.00139924459855429,2.575,0.0960102329135838,0.286111111111111
15,-186,-0.000890367197773312,0.0014118857068547,2.78,0.103496655931217,0.308888888888889
16,-185,-0.00091154604707312,0.00149509496290453,2.54,0.10510583323919,0.282222222222222
17,-184,-0.00105797425344038,0.001561264758116,2.615,0.103136125104192,0.290555555555556
18,-183,-0.00169600522155764,0.00164776028804636,2.585,0.101812099072693,0.287222222222222
19,-182,-0.00177875177610463,0.00172607711350399,2.38,0.0965640881258551,0.264444444444444
20,-181,-0.000962427124711091,0.00170710721640158,2.515,0.106326864009291,0.279444444444444
21,-180,-0.00152277699931504,0.00177349296422254,2.415,0.103038632555925,0.268333333333333
22,-179,-0.000815409683651655,0.00184763054324583,2.575,0.101108802533453,0.286111111111111
23,-178,-0.00166429763521977,0.00189100369105323,2.595,0.0990146174681384,0.288333333333333
24,-177,-0.00164532965383115,0.00191045275486047,2.435,0.105281985555042,0.270555555555556
25,-176,-0.00155246575370167,0.0018985196861828,2.535,0.0958635703518444,0.281666666666667
26,-175,-0.00162096896627628,0.00193766445609407,2.6,0.103700380154661,0.288888888888889
27,-174,-0.00112353159878349,0.00201016921477763,2.5,0.0932387652035537,0.277777777777778
28,-173,-0.00126664541862791,0.00201384775892725,2.47,0.107017586494442,0.274444444444444
29,-172,-0.00169308541148276,0.0020295060099236,2.43,0.0978435835104728,0.27
30,-171,-0.00140814351922431,0.00201750041672891,2.585,0.0995662704486579,0.287222222222222
31,-170,-0.00209963796498743,0.00202977178305038,2.36,0.0982356923744186,0.262222222222222
32,-169,-0.00237498297797516,0.00205692378926654,2.565,0.0976038295236845,0.285
33,-168,-0.00262237177788802,0.00208495014282705,2.695,0.104712456243096,0.299444444444444
34,-167,-0.00243150337683533,0.00215045585497213,2.395,0.0979430405694039,0.266111111111111
35,-166,-0.00223953114733335,0.00224813700562576,2.545,0.104134986807446,0.282777777777778
36,-165,-0.00201706379694358,0.00224818795759565,2.395,0.097686170667595,0.266111111111111
37,-164,-0.00164193673453689,0.00228151486553091,2.5,0.100750949220562,0.277777777777778
38,-163,-0.00129888238724931,0.00229094379916943,2.42,0.0959899492226076,0.268888888888889
39,-162,-0.00151931078562887,0.00228828202328747,2.54,0.101704073630139,0.282222222222222
40,-161,-0.0009546514740816,0.00227808806035394,2.405,0.0977375986555571,0.267222222222222
41,-160,-0.00117406560926888,0.00225636661504042,2.49,0.0924240826585603,0.276666666666667
42,-159,-0.00115689913369401,0.00229276443594714,2.33,0.0935374055186255,0.258888888888889
43,-158,-0.000993087106661358,0.00228653519201525,2.635,0.0962036940754816,0.292777777777778
44,-157,-0.00107783722330632,0.00226896908030655,2.43,0.101622515607477,0.27
45,-156,-0.000989039507724927,0.00233965943884859,2.48,0.0977022448217853,0.275555555555556
46,-155,-0.00102690320032982,0.00230808077183382,2.415,0.10131732825645,0.268333333333333
47,-154,-0.00106791475075789,0.00232086332048303,2.53,0.108879630185571,0.281111111111111
48,-153,-0.00133714290380799,0.00230833824502126,2.57,0.103095311319577,0.285555555555556
49,-152,-0.00181208122180314,0.00235468523148372,2.4,0.100750949220562,0.266666666666667
50,-151,-0.00216734470982517,0.00241873050308273,2.53,0.105837174649026,0.281111111111111
51,-150,-0.00181115922065127,0.00240864571171207,2.63,0.103775463061691,0.292222222222222
52,-149,-0.00159218589577914,0.00239010074795767,2.465,0.0984496657354259,0.273888888888889
53,-148,-0.00125867217721341,0.00242970371205936,2.36,0.102000098531828,0.262222222222222
54,-147,-0.00110802054942845,0.00244934464210003,2.32,0.0968758206319594,0.257777777777778
55,-146,-0.00136954757741682,0.00251875310449417,2.435,0.0949947102468047,0.270555555555556
56,-145,-0.000191440026923177,0.00251605690416959,2.44,0.0950112397476844,0.271111111111111
57,-144,-0.000177956934170192,0.00249935712694454,2.435,0.0981173279816123,0.270555555555556
58,-143,-0.000336513755427318,0.00247969920289194,2.375,0.0938933159168923,0.263888888888889
59,-142,-0.000172143820523101,0.002532717310861,2.245,0.0889631791033847,0.249444444444444
60,-141,-0.000670817163529464,0.00255024435784322,2.465,0.0999692163673675,0.273888888888889
61,-140,0.000204530634627291,0.00257711207999394,2.57,0.0988654229713124,0.285555555555556
62,-139,1.28408995531128e-05,0.00263365146462931,2.515,0.103209184079674,0.279444444444444
63,-138,0.000499448395089565,0.00266933423873265,2.465,0.0979379097737657,0.273888888888889
64,-137,0.000422027512874414,0.00274869419867412,2.495,0.0994955871347894,0.277222222222222
65,-136,0.000477062142237479,0.00275791678984036,2.56,0.0988984556128814,0.284444444444444
66,-135,0.000700581851279085,0.00275142160604042,2.44,0.0978769610147733,0.271111111111111
67,-134,7.7862313136231e-05,0.00281381867091693,2.45,0.0966135127933528,0.272222222222222
68,-133,-0.000975130527216285,0.00282800033118199,2.265,0.100119902990736,0.251666666666667
69,-132,-0.000828848045456877,0.00281436062638866,2.425,0.101356998801416,0.269444444444444
70,-131,-0.000679200699444011,0.0028193049013021,2.305,0.0940964703304179,0.256111111111111
71,-130,-0.000643805757172695,0.00285389044900312,2.47,0.0999773843773413,0.274444444444444
72,-129,-0.000921622001450381,0.00282932249402503,2.22,0.100291033783118,0.246666666666667
73,-128,-0.00102755798645916,0.00285202762799491,2.38,0.09392609090537,0.264444444444444
74,-127,-0.00167465864943834,0.00289484716698465,2.56,0.0952753217505634,0.284444444444444
75,-126,-0.00162363625520949,0.00293227581179665,2.46,0.105344612758251,0.273333333333333
76,-125,-0.0011384095924235,0.0029049098567396,2.42,0.0990812062256798,0.268888888888889
77,-124,-0.00152687161680365,0.00289713412648564,2.475,0.0966622623614,0.275
78,-123,-0.000960466118044835,0.00285750445645711,2.4,0.0979693316796066,0.266666666666667
79,-122,-0.000531679436138267,0.00291404240178051,2.515,0.112749444282132,0.279444444444444
80,-121,-0.000491726902651071,0.00290290606470979,2.4,0.0873967445318982,0.266666666666667
81,-120,-0.000691498352539515,0.0028936862914937,2.54,0.102687504683337,0.282222222222222
82,-119,4.03576388673126e-05,0.00291607650679704,2.57,0.107392578091532,0.285555555555556
83,-118,0.000151950317649707,0.00286239099939724,2.425,0.0988469961264179,0.269444444444444
84,-117,0.00027881279854684,0.00286057646092308,2.61,0.098936556494833,0.29
85,-116,0.00115961970792961,0.00290545966863513,2.465,0.0907471776489841,0.273888888888889
86,-115,0.00108183516677792,0.00291560725987645,2.3,0.0971968938850647,0.255555555555556
87,-114,0.00129424847960394,0.00293925062745281,2.54,0.0958537411815129,0.282222222222222
88,-113,0.001321399303174,0.0029420346548115,2.475,0.0953537449889467,0.275
89,-112,0.00135941670406441,0.00296961057534668,2.655,0.100150013108477,0.295
90,-111,0.00077187134050611,0.00297972027114872,2.705,0.0958426002365362,0.300555555555556
91,-110,0.000598531398423046,0.00298865301620456,2.59,0.0930202333855138,0.287777777777778
92,-109,0.0010024544303592,0.0030247313106076,2.31,0.0988349215031949,0.256666666666667
93,-108,0.00155716748363269,0.00301147707996521,2.395,0.100974522882541,0.266111111111111
94,-107,0.00160046518531651,0.00303371644385198,2.365,0.0977581622753685,0.262777777777778
95,-106,0.00111238785840395,0.00302353031054262,2.625,0.105724944166906,0.291666666666667
96,-105,0.00116108563987509,0.00305765407933027,2.525,0.0989740080594738,0.280555555555556
97,-104,0.00113323620340011,0.00306053292569653,2.435,0.101143586675716,0.270555555555556
98,-103,0.00167980151593888,0.00306378522148098,2.585,0.102058585008168,0.287222222222222
99,-102,0.00173670048693794,0.00305666792780781,2.575,0.107141361559315,0.286111111111111
100,-101,0.00276669673090531,0.00308362880907871,2.29,0.0923152780029601,0.254444444444444
101,-100,0.00231035106770449,0.00311366945905654,2.445,0.094229885688055,0.271666666666667
102,-99,0.001998507448586,0.00312153362874262,2.71,0.104806593831461,0.301111111111111
103,-98,0.00164146388403073,0.00309561119443708,2.39,0.0907229478485552,0.265555555555556
104,-97,0.00217345151593047,0.00312740860700603,2.565,0.0949947102468047,0.285
105,-96,0.00244411177689388,0.00312222128572486,2.475,0.102711358259824,0.275
106,-95,0.00229015381475542,0.00310790632113952,2.525,0.0961409925695658,0.280555555555556
107,-94,0.0020350548988717,0.00307974438590364,2.485,0.0940377076084977,0.276111111111111
108,-93,0.00200095362680989,0.00310476999274371,2.565,0.110179729825053,0.285
109,-92,0.00225488531626788,0.00316888574852543,2.44,0.0973621948444294,0.271111111111111
110,-91,0.00224315203058094,0.00313885033229696,2.525,0.0940270195316753,0.280555555555556
111,-90,0.00218303427239061,0.00316000535270456,2.45,0.10143443559077,0.272222222222222
112,-89,0.0018681933130413,0.00317719704751801,2.445,0.0973770323647254,0.271666666666667
113,-88,0.00241878170424536,0.00316770056001011,2.465,0.0994652789094904,0.273888888888889
114,-87,0.0022149906661585,0.0032240909994781,2.555,0.104351912335329,0.283888888888889
115,-86,0.00183741798303474,0.00325509150012472,2.43,0.0920208628300122,0.27
116,-85,0.00128418471735375,0.00327391090772317,2.4,0.0948418413695763,0.266666666666667
117,-84,0.000876302979073716,0.00326672346472923,2.35,0.0991800555408466,0.261111111111111
118,-83,0.00082210105731188,0.00326012254402757,2.455,0.100200176531204,0.272777777777778
119,-82,0.00115165756576122,0.00326633720468371,2.42,0.096772021372931,0.268888888888889
120,-81,0.00120778997082065,0.00326518167402192,2.445,0.0955537944730137,0.271666666666667
121,-80,0.00103660690911845,0.0032894735390243,2.565,0.0872751957831947,0.285
122,-79,0.000841443157714039,0.00329938098030711,2.49,0.0961547120177482,0.276666666666667
123,-78,0.000755000896235132,0.00334020233702152,2.665,0.110339243896805,0.296111111111111
124,-77,0.000617179264368753,0.00335611525941428,2.455,0.106284320498932,0.272777777777778
125,-76,0.000537292444039443,0.00335625307970088,2.545,0.108853666006318,0.282777777777778
126,-75,0.000172979359565628,0.00334843848883338,2.5,0.098225461088407,0.277777777777778
127,-74,-4.86538549834834e-05,0.00343295539103629,2.525,0.0907637886308915,0.280555555555556
128,-73,-0.000254948526092507,0.00349344064392773,2.545,0.102921519596146,0.282777777777778
129,-72,-0.000160739077327902,0.00351648757214894,2.66,0.100110491721716,0.295555555555556
130,-71,0.00043034314918668,0.00352462011096842,2.435,0.0988825759125211,0.270555555555556
131,-70,-0.000372993734884048,0.00356073707369208,2.485,0.104659654194348,0.276111111111111
132,-69,-0.00122855969692493,0.00356794414735068,2.315,0.0965686414555098,0.257222222222222
133,-68,-0.000838509640362331,0.00355863977644506,2.645,0.104159111953852,0.293888888888889
134,-67,-0.000836976468792981,0.00353054802106763,2.53,0.105837174649026,0.281111111111111
135,-66,-0.000209126857778858,0.00353416974559474,2.475,0.0987198207812159,0.275
136,-65,-0.00020699875875486,0.00355284889705046,2.65,0.100438736045873,0.294444444444444
137,-64,-0.00032979130419095,0.0035473971566418,2.665,0.10521036596043,0.296111111111111
138,-63,-0.000161967302567647,0.00355027355013014,2.525,0.102466442600963,0.280555555555556
139,-62,-0.00077834226886235,0.00357298083841585,2.51,0.100498756211209,0.278888888888889
140,-61,-0.000541208440630123,0.00359794991428573,2.39,0.100698565059414,0.265555555555556
141,-60,-0.000259369651848366,0.00359686248029411,2.52,0.0948312439237227,0.28
142,-59,0.000115125536838563,0.00354543301094998,2.42,0.0970313113220904,0.268888888888889
143,-58,0.000359818550172576,0.00357110173387387,2.57,0.0952410324983765,0.285555555555556
144,-57,9.55402886734651e-05,0.00357614913400649,2.425,0.100360530991543,0.269444444444444
145,-56,-8.42525933706887e-05,0.00355592194670254,2.405,0.106118711377978,0.267222222222222
146,-55,0.000130725898871062,0.0035676403854923,2.42,0.104991026177905,0.268888888888889
147,-54,0.000825498533701798,0.00351188965114704,2.71,0.104084909289044,0.301111111111111
148,-53,0.000682420116706294,0.00353387773302416,2.47,0.0950826141709825,0.274444444444444
149,-52,0.000230421745771106,0.00355162288979509,2.405,0.095395895532366,0.267222222222222
150,-51,0.000573515512435627,0.00357223929145336,2.475,0.101974846637461,0.275
151,-50,0.000812314051331274,0.00358693653813736,2.39,0.0981717293430805,0.265555555555556
152,-49,2.31301828325118e-05,0.00356547276439633,2.605,0.0974286235323946,0.289444444444444
153,-48,0.000729660801496283,0.00360194598968248,2.385,0.0931518185895083,0.265
154,-47,0.000281292781528476,0.00359017462708824,2.51,0.102479315231179,0.278888888888889
155,-46,0.000504991490078852,0.00360767418924915,2.43,0.0986109557960731,0.27
156,-45,0.00016389916517821,0.0036327025801458,2.555,0.099166754641516,0.283888888888889
157,-44,0.000870381879852496,0.00363081136974726,2.43,0.0998768085414333,0.27
158,-43,0.000519930867837334,0.0036662771100536,2.5,0.110047956654447,0.277777777777778
159,-42,-0.000150280669007033,0.00367578435926129,2.45,0.100937813583688,0.272222222222222
160,-41,0.00052780560618565,0.00368153943492946,2.405,0.100525628623005,0.267222222222222
161,-40,0.000392616584715403,0.00368442892178689,2.4,0.105144074402267,0.266666666666667
162,-39,0.000407741836691216,0.00367502003397001,2.52,0.0958851909798704,0.28
163,-38,0.00102262199867533,0.00370286314501501,2.375,0.0949576737235858,0.263888888888889
164,-37,0.00108569195053365,0.00369009874629183,2.38,0.102863523771126,0.264444444444444
165,-36,0.00160611255707163,0.00365101350372852,2.395,0.0999742429140184,0.266111111111111
166,-35,0.00184477948397405,0.00363926558737943,2.555,0.0996722014339678,0.283888888888889
167,-34,0.00220019387867293,0.00360409440680479,2.565,0.0947298459757693,0.285
168,-33,0.00256816769255351,0.00364446480092218,2.545,0.0923717364156494,0.282777777777778
169,-32,0.00213132813682305,0.00363444622319643,2.605,0.0976861706675949,0.289444444444444
170,-31,0.00226955655785719,0.00367957479539404,2.42,0.094406370622275,0.268888888888889
171,-30,0.00191661973597743,0.00369643434349722,2.455,0.0989384611537767,0.272777777777778
172,-29,0.00131211418430809,0.00371759091377703,2.415,0.0975265715628517,0.268333333333333
173,-28,0.00120769297093453,0.0037238147366266,2.585,0.104971281068901,0.287222222222222
174,-27,0.00101405111244713,0.00376595430903617,2.46,0.0979282888073906,0.273333333333333
175,-26,0.00116216209816763,0.00373722228800494,2.525,0.109116483792211,0.280555555555556
176,-25,0.000770399565044982,0.00374847555692301,2.46,0.099708116734364,0.273333333333333
177,-24,0.000512827702239508,0.00376482060541417,2.565,0.101886107465505,0.285
178,-23,0.00112469233765727,0.00375649280909867,2.46,0.106294367030015,0.273333333333333
179,-22,0.00152898328065105,0.00379864931800011,2.42,0.10256999081152,0.268888888888889
180,-21,0.00141295267468059,0.00385103162956859,2.295,0.0984292465830892,0.255
181,-20,0.00133521138589401,0.00384589551022292,2.33,0.107064532270737,0.258888888888889
182,-19,0.00160254539337347,0.00387699912436988,2.455,0.0976604465178731,0.272777777777778
183,-18,0.00166480348370629,0.00391837501616467,2.38,0.094459584295754,0.264444444444444
184,-17,0.00142488087609609,0.00397027556117331,2.38,0.0963035402220318,0.264444444444444
185,-16,0.000751365923088059,0.00401158080755077,2.655,0.0996469899849732,0.295
186,-15,0.000442667705599302,0.00399701947363365,2.485,0.106326864009291,0.276111111111111
187,-14,0.00106663336569688,0.00401441446069882,2.755,0.100874941233411,0.306111111111111
188,-13,0.00138509011971086,0.00402587414148681,2.635,0.113902342902124,0.292777777777778
189,-12,0.00144710514852932,0.00402097348648147,2.535,0.107009955860501,0.281666666666667
190,-11,0.00186308834891786,0.00403735099488057,2.47,0.0976893857100248,0.274444444444444
191,-10,0.00153248538966531,0.00407585800889676,2.42,0.105706524617611,0.268888888888889
192,-9,0.00186387275855034,0.00407148962911087,2.455,0.103408615252999,0.272777777777778
193,-8,0.00159763000729235,0.00409370194523713,2.455,0.104856326686715,0.272777777777778
194,-7,0.00113324030132226,0.00408652527993013,2.435,0.0988825759125211,0.270555555555556
195,-6,0.00164542499645138,0.00409818045635273,2.545,0.104616432695584,0.282777777777778
196,-5,0.00178599898850847,0.00410794590010557,2.475,0.0956168810393776,0.275
197,-4,0.0019003939777739,0.00406128377413959,2.555,0.102407575685537,0.283888888888889
198,-3,0.00204837658762912,0.00409746669433126,2.405,0.0992680498883865,0.267222222222222
199,-2,0.00227540710718601,0.00408005798716439,2.575,0.0938933159168923,0.286111111111111
200,-1,0.00184624170348793,0.00407826173670838,2.51,0.0999974874056203,0.278888888888889
201,0,1.00192219190468,0.00407641809155592,4.28,0.115432331326963,0.475555555555556
202,1,0.998061621849294,0.00409792148601009,4.14,0.114532038922297,0.46
203,2,0.994013277372891,0.00410447599015271,4.255,0.11230734481098,0.472777777777778
204,3,0.990611802833956,0.00413891844140147,4.11,0.118574023272279,0.456666666666667
205,4,0.987043799638815,0.00416675386058682,4.49,0.105856164856804,0.498888888888889
206,5,0.982956089775074,0.00419372987205214,4.32,0.111129423393261,0.48
207,6,0.978768626652136,0.00424481247477346,4.32,0.102177301809282,0.48
208,7,0.974514252052673,0.00422943606401026,4.19,0.110819242564696,0.465555555555556
209,8,0.970346785836377,0.00418039450279442,4.17,0.10588464378249,0.463333333333333
210,9,0.966639625915098,0.00418478944192699,4.24,0.107563233710368,0.471111111111111
211,10,0.963028441300062,0.00423282605496173,4.325,0.105129138103534,0.480555555555556
212,11,0.95972207725587,0.00419753253934144,4.725,0.107258552036304,0.525
213,12,0.956259695547596,0.0042001842489993,4.425,0.111957794452613,0.491666666666667
214,13,0.95214411718708,0.0042136830501958,4.285,0.0993388951035898,0.476111111111111
215,14,0.948655474712552,0.00419375968382021,4.345,0.104808391815612,0.482777777777778
216,15,0.944477751927623,0.00420909654053538,4.34,0.105249165957139,0.482222222222222
217,16,0.940862288616936,0.00419437681330365,4.265,0.109699795925656,0.473888888888889
218,17,0.936616421293468,0.0041959443922445,4.4,0.0935078531085216,0.488888888888889
219,18,0.933016043622189,0.00417329473716482,4.24,0.111463539343657,0.471111111111111
220,19,0.929200897420856,0.00413011000979892,4.25,0.114028560294402,0.472222222222222
221,20,0.925517628369162,0.00414239956540307,4,0.113420992801334,0.444444444444444
222,21,0.921588083742299,0.00411468435272976,4.275,0.104168760447969,0.475
223,22,0.91822716309872,0.00409541036933718,4.105,0.115918334621869,0.456111111111111
224,23,0.914708678807184,0.00409180151836119,4.24,0.0982868328289079,0.471111111111111
225,24,0.911149963166455,0.00410715728841463,4.015,0.111742143046674,0.446111111111111
226,25,0.907770539254309,0.00409124143147842,4.355,0.109107272832404,0.483888888888889
227,26,0.903690666406222,0.0041290103238533,4.185,0.11714302129101,0.465
228,27,0.901097719078839,0.00415637887022408,4.195,0.106260677855411,0.466111111111111
229,28,0.897381406348649,0.00416316345785439,4.225,0.109690633947842,0.469444444444444
230,29,0.894678842790802,0.00416742186828441,4.115,0.117378719617721,0.457222222222222
231,30,0.890760198563839,0.00416141898353758,4.15,0.1155606825732,0.461111111111111
232,31,0.886968452037638,0.00415842246336345,4.195,0.115983342245307,0.466111111111111
233,32,0.883398453732188,0.0042269551640223,4.335,0.114803196250569,0.481666666666667
234,33,0.880024784775042,0.00422872259228991,4.095,0.103360008984551,0.455
235,34,0.87697635719443,0.00424489192066304,4.1,0.10442472223121,0.455555555555556
236,35,0.873058856403413,0.00427108216749127,4.17,0.106829597088402,0.463333333333333
237,36,0.869934087924745,0.00424786593777638,3.95,0.10192863795902,0.438888888888889
238,37,0.866325439364621,0.00422486014796946,4.23,0.109523866745722,0.47
239,38,0.86328288632312,0.00427440474055005,3.81,0.105475711081465,0.423333333333333
240,39,0.85972007828403,0.00422911682704373,4.19,0.112618446858693,0.465555555555556
241,40,0.856618417507891,0.0042304465110521,4.185,0.112101331583142,0.465
242,41,0.853237988956499,0.00421483724756235,3.82,0.113810209643491,0.424444444444444
243,42,0.850315957717896,0.00419007651744567,4.01,0.111181412712122,0.445555555555556
244,43,0.847024496848507,0.00419255711551882,4.09,0.111902236585172,0.454444444444444
245,44,0.843520197069279,0.00412151090477363,4.1,0.109590374811186,0.455555555555556
246,45,0.840160067211246,0.00414396097368834,4.01,0.106329817787645,0.445555555555556
247,46,0.836994969526786,0.00419312345898236,4.165,0.119415978325336,0.462777777777778
248,47,0.833660270319607,0.00421178441612362,4.13,0.110574107122007,0.458888888888889
249,48,0.829785917915668,0.00423041681793998,3.955,0.109887448128899,0.439444444444444
250,49,0.827034691219165,0.00420608913620174,3.925,0.110943305726065,0.436111111111111
251,50,0.823477505914446,0.00421761626132723,4.085,0.111584634485517,0.453888888888889
252,51,0.819718101208159,0.00425585805619367,3.9,0.107038714641763,0.433333333333333
253,52,0.816386966690216,0.0042535907364749,3.72,0.107777921681623,0.413333333333333
254,53,0.813211321699487,0.00426881598997247,3.945,0.117596854126726,0.438333333333333
255,54,0.809710738091859,0.00423673766431114,4.075,0.111845527896974,0.452777777777778
256,55,0.806345593689083,0.00426010676589025,4.115,0.0982708542957681,0.457222222222222
257,56,0.803188693858399,0.00424111091911394,4,0.113420992801334,0.444444444444444
258,57,0.800051888253703,0.00426839586121331,4.005,0.117233071122547,0.445
259,58,0.796516256236697,0.00424982405683129,3.835,0.114693714915884,0.426111111111111
260,59,0.793462279902142,0.00429624251922063,4.035,0.101093891380102,0.448333333333333
261,60,0.790197755143536,0.00429449010324772,3.995,0.0996217721556748,0.443888888888889
262,61,0.787595429390143,0.00428238343008299,4.06,0.105535247392571,0.451111111111111
263,62,0.784918274571238,0.00429218294392468,3.975,0.107842594208542,0.441666666666667
264,63,0.78168406557764,0.00431567634954098,4.08,0.113500713919788,0.453333333333333
265,64,0.778359889182256,0.00435009420893716,3.96,0.108400893764047,0.44
266,65,0.775012869259051,0.0043276628167638,3.885,0.1077820012757,0.431666666666667
267,66,0.772066483734542,0.00434182898485344,3.98,0.104655452887537,0.442222222222222
268,67,0.769007153154464,0.00430839974146991,3.855,0.114829456238809,0.428333333333333
269,68,0.76549897240854,0.00429184789031739,3.945,0.0985313000291133,0.438333333333333
270,69,0.762468301157706,0.00429870146233659,3.795,0.10230938889113,0.421666666666667
271,70,0.759625317909917,0.00430619039637068,3.855,0.105477497659751,0.428333333333333
272,71,0.75630380782547,0.00430356742672723,3.925,0.107492549700926,0.436111111111111
273,72,0.753378128814605,0.00430974426750045,3.865,0.109745594341581,0.429444444444444
274,73,0.750695179795497,0.00428329035515537,3.69,0.113063774417039,0.41
275,74,0.747818784481819,0.0042645532048963,3.69,0.106895430986685,0.41
276,75,0.744967239486713,0.0042647229035262,3.86,0.109140083328467,0.428888888888889
277,76,0.741902244201889,0.00430399292937162,3.765,0.109814256152247,0.418333333333333
278,77,0.739649875474429,0.00429181888330299,3.785,0.121108261713544,0.420555555555556
279,78,0.736978311193622,0.00429320477328261,3.845,0.109612726217094,0.427222222222222
280,79,0.7342605074825,0.00426054320603473,3.87,0.107579583723729,0.43
281,80,0.731123786069108,0.00424760449170441,3.925,0.105843702917255,0.436111111111111
282,81,0.728237446932491,0.00423483584702945,3.82,0.112030146696522,0.424444444444444
283,82,0.725422207706564,0.00422356439066259,3.925,0.105606051867091,0.436111111111111
284,83,0.722749108862064,0.00422846671970958,3.625,0.105009571231632,0.402777777777778
285,84,0.719762232947461,0.00423161377424118,3.71,0.0998969318093635,0.412222222222222
286,85,0.717045846694765,0.00416641155428527,3.65,0.114468402082745,0.405555555555556
287,86,0.714191224371226,0.0041575726636471,3.84,0.108075908555285,0.426666666666667
288,87,0.711550126767363,0.00417353388055222,3.9,0.107507157644148,0.433333333333333
289,88,0.708266114341897,0.00417836684874389,3.62,0.101139239312164,0.402222222222222
290,89,0.70595336409537,0.00416659258741917,3.78,0.110993684459747,0.42
291,90,0.70275208676184,0.00414668984530352,3.665,0.11502184629725,0.407222222222222
292,91,0.700613979765138,0.00415226588147273,3.605,0.120070645034475,0.400555555555556
293,92,0.698402054162193,0.00419664327494093,3.835,0.104611629204521,0.426111111111111
294,93,0.694937116349725,0.00418752330865104,3.725,0.105129138103534,0.413888888888889
295,94,0.692094011173036,0.0041861803024278,3.715,0.0988317437255825,0.412777777777778
296,95,0.689285202161196,0.00419894162189222,3.71,0.117038412283099,0.412222222222222
297,96,0.68621011846891,0.00418640089537405,3.57,0.105504292703636,0.396666666666667
298,97,0.683112008569802,0.0041734618295581,3.58,0.1068883792942,0.397777777777778
299,98,0.680546513976558,0.00419286414851065,3.685,0.104563582157307,0.409444444444444
300,99,0.677798384308916,0.00421009238828451,3.67,0.0990177893767848,0.407777777777778
301,100,0.675296643873374,0.00423801790512889,3.6,0.104665055626731,0.4
302,101,0.672415623371278,0.00422575701718156,3.71,0.104084909289044,0.412222222222222
303,102,0.670962014539767,0.00423144075812806,3.635,0.11630351472629,0.403888888888889
304,103,0.668344640543485,0.0042499384324756,3.715,0.112168551384058,0.412777777777778
305,104,0.665972139643301,0.00422791446972184,3.885,0.10566313686647,0.431666666666667
306,105,0.663260964094948,0.00421772148750905,3.87,0.106641276291337,0.43
307,106,0.66145526589084,0.00416086135110463,3.69,0.113507354818928,0.41
308,107,0.659055515434352,0.0041453267313812,3.56,0.115536763493673,0.395555555555556
309,108,0.656574695633542,0.00418779717468805,3.55,0.108380031167088,0.394444444444444
310,109,0.652782835417051,0.00416403345885715,3.565,0.108340033293655,0.396111111111111
311,110,0.650808815251049,0.00411935832710512,3.615,0.106019221733063,0.401666666666667
312,111,0.64803042765119,0.00411446625608321,3.79,0.109266627933233,0.421111111111111
313,112,0.645340603429004,0.00408097993576848,3.71,0.103843233219248,0.412222222222222
314,113,0.642958112708944,0.00410455506785328,3.73,0.109753034779072,0.414444444444444
315,114,0.64053957920014,0.00405946110374398,3.605,0.10294592911625,0.400555555555556
316,115,0.637860868508684,0.00408902267600182,3.745,0.102726034630734,0.416111111111111
317,116,0.635710565784707,0.00412257410100565,3.66,0.105725538292487,0.406666666666667
318,117,0.633055259022408,0.00414360783514909,3.69,0.11284133032336,0.41
319,118,0.630640277867643,0.00414201368552475,3.725,0.104409683025799,0.413888888888889
320,119,0.628468989220046,0.00415355969210554,3.64,0.112316852595167,0.404444444444444
321,120,0.625683401656171,0.00415637586332597,3.565,0.111764626149294,0.396111111111111
322,121,0.623195526803726,0.00418763921234598,3.69,0.104758636203878,0.41
323,122,0.620160459764781,0.00418944495798784,3.635,0.111899429900515,0.403888888888889
324,123,0.617612346105896,0.00415746887996104,3.495,0.105620326009399,0.388333333333333
325,124,0.614891320633355,0.00411942891139366,3.585,0.113038771309208,0.398333333333333
326,125,0.612411215226953,0.00416130420839067,3.775,0.109001290850316,0.419444444444444
327,126,0.609504283992655,0.00413355163636865,3.605,0.108182216467398,0.400555555555556
328,127,0.607446467820437,0.00415220924055473,3.665,0.101069034569168,0.407222222222222
329,128,0.60466054577706,0.00415350308784022,3.675,0.105367864810261,0.408333333333333
330,129,0.601315769881791,0.00416681280098153,3.585,0.113482449443332,0.398333333333333
331,130,0.598914861846475,0.00420641621425366,3.5,0.10370038015466,0.388888888888889
332,131,0.596001581629435,0.00420238073144173,3.65,0.106036402206812,0.405555555555556
333,132,0.593722765227271,0.00421606017145298,3.24,0.109645385460419,0.36
334,133,0.591918688524798,0.00425920142007967,3.565,0.0986281529930176,0.396111111111111
335,134,0.589214334159973,0.00425624438482642,3.555,0.109061206364446,0.395
336,135,0.586738446776397,0.00429756375033657,3.575,0.114179947020077,0.397222222222222
337,136,0.584975749852557,0.00432224460908068,3.77,0.113799170718777,0.418888888888889
338,137,0.582044731795876,0.00435237193565709,3.71,0.102381197237279,0.412222222222222
339,138,0.579538017423373,0.00436271423543706,3.36,0.0997585023643091,0.373333333333333
340,139,0.577674044170425,0.00436835873783078,3.355,0.105119577758573,0.372777777777778
341,140,0.575720392300649,0.00438638213607976,3.565,0.110179729825053,0.396111111111111
342,141,0.573920666404093,0.00437285271211424,3.615,0.107665380558721,0.401666666666667
343,142,0.571342786172192,0.00431136040594485,3.36,0.108678679033111,0.373333333333333
344,143,0.56912478380029,0.00434871928707355,3.295,0.10533447564209,0.366111111111111
345,144,0.567076907549484,0.00434699347921155,3.57,0.0973286408083872,0.396666666666667
346,145,0.564741371681484,0.00427942469939102,3.475,0.109805103724827,0.386111111111111
347,146,0.563362624980422,0.00426479732219941,3.28,0.107076265498783,0.364444444444444
348,147,0.561202184476673,0.00425728751583154,3.45,0.10627309089909,0.383333333333333
349,148,0.558112715710137,0.00427750020371617,3.47,0.0966551139633924,0.385555555555556
350,149,0.555718595863339,0.0043509110892027,3.43,0.116591025969769,0.381111111111111
351,150,0.553305041249956,0.00434773706705439,3.33,0.108925773445053,0.37
352,151,0.551661789554598,0.00434381589770325,3.455,0.114698096175707,0.383888888888889
353,152,0.549618581172589,0.0043440396465063,3.615,0.109516410738782,0.401666666666667
354,153,0.54702794340277,0.00440014370320711,3.5,0.111183672565832,0.388888888888889
355,154,0.545093806982501,0.00440291727608622,3.545,0.0984292465830892,0.393888888888889
356,155,0.543162641156056,0.00441217101958871,3.505,0.114083082657963,0.389444444444444
357,156,0.541014663085366,0.00441916421533653,3.605,0.107949713772282,0.400555555555556
358,157,0.538659687219295,0.00446018323382742,3.345,0.105525128589446,0.371666666666667
359,158,0.536272967996965,0.0045071551069233,3.43,0.105979518263942,0.381111111111111
360,159,0.533709041223505,0.00449993370688739,3.465,0.102451729043094,0.385
361,160,0.531482163260174,0.0045208584375675,3.33,0.107766264847567,0.37
362,161,0.529779361280163,0.00454108232335191,3.525,0.100235275989862,0.391666666666667
363,162,0.527482137334012,0.00451656261647775,3.385,0.115327259936331,0.376111111111111
364,163,0.526016863523334,0.00455643241757936,3.45,0.103639789801749,0.383333333333333
365,164,0.523533178980255,0.00455646725037994,3.455,0.100200176531204,0.383888888888889
366,165,0.521959788709951,0.00459728372955191,3.44,0.10904795865321,0.382222222222222
367,166,0.519732059750109,0.0045846424509388,3.41,0.108713352283995,0.378888888888889
368,167,0.517543041170756,0.00460116772329402,3.38,0.109029524377251,0.375555555555556
369,168,0.515789822400708,0.0046100154541399,3.315,0.109951451141129,0.368333333333333
370,169,0.513432009631341,0.00458700249072509,3.4,0.106095623882586,0.377777777777778
371,170,0.511075098721867,0.00461137049471558,3.3,0.1084379729147,0.366666666666667
372,171,0.509251832892305,0.00456307128410637,3.485,0.114298713815596,0.387222222222222
373,172,0.507203801658917,0.00457871959543993,3.435,0.103840208708976,0.381666666666667
374,173,0.505649294371554,0.00455810001693536,3.48,0.110948401244423,0.386666666666667
375,174,0.503465601767542,0.0045387148499107,3.265,0.0998686323056092,0.362777777777778
376,175,0.500600301557189,0.00446082788559054,3.395,0.110707523587579,0.377222222222222
377,176,0.498479319123083,0.00443506112146936,3.495,0.114083082657963,0.388333333333333
378,177,0.496866816397722,0.00447908732227839,3.355,0.0981992385523499,0.372777777777778
379,178,0.49471216852444,0.00449524649404521,3.32,0.109075604225628,0.368888888888889
380,179,0.492827813437885,0.00453078043079737,3.54,0.105820555421661,0.393333333333333
381,180,0.489925969810564,0.00450571459960766,3.415,0.10521036596043,0.379444444444444
382,181,0.487738469173029,0.00449386671634527,3.48,0.114514487464233,0.386666666666667
383,182,0.486679787434758,0.00448839076966326,3.495,0.109589801638271,0.388333333333333
384,183,0.485076328789439,0.00448173582123333,3.405,0.109841708858817,0.378333333333333
385,184,0.483015284571912,0.00448751692136807,3.46,0.109782791486337,0.384444444444444
386,185,0.480707554162792,0.0044609624130771,3.29,0.110410381130157,0.365555555555556
387,186,0.479382473465788,0.00445775119179338,3.29,0.109954307549744,0.365555555555556
388,187,0.477304892863566,0.00440546976428284,3.425,0.102588973517806,0.380555555555556
389,188,0.475672398050045,0.00440050724824414,3.44,0.103370339728949,0.382222222222222
390,189,0.473674145367405,0.00439695094919601,3.35,0.105323144769422,0.372222222222222
391,190,0.47129241266413,0.00437743001835971,3.4,0.1084379729147,0.377777777777778
392,191,0.469307140913638,0.00439531959785369,3.46,0.0994558056949525,0.384444444444444
393,192,0.466966615657618,0.00439910443785214,3.295,0.106047656870099,0.366111111111111
394,193,0.465148633826595,0.00441486131262149,3.365,0.0982708542957682,0.373888888888889
395,194,0.46305669772453,0.00441358847277125,3.34,0.10258958580469,0.371111111111111
396,195,0.46119230090476,0.00444074415757097,3.22,0.0969795087924669,0.357777777777778
397,196,0.459553602766471,0.0044665847488378,3.335,0.112146149260551,0.370555555555556
398,197,0.458168649963002,0.00448495830922732,3.445,0.107436436741445,0.382777777777778
399,198,0.456518527983451,0.00448672611405079,3.115,0.107548633383756,0.346111111111111
400,199,0.454089206892984,0.00451054127537597,3.26,0.0964807893498382,0.362222222222222
401,200,0.452077520790538,0.00447825507742922,3.305,0.101049144718009,0.367222222222222
402,201,0.449884954248607,0.00448514725591436,3.275,0.107024042759761,0.363888888888889
403,202,0.447341329711102,0.00453169676704593,3.275,0.107492549700926,0.363888888888889
404,203,0.445472410680236,0.00454355253454847,3.38,0.106935381793852,0.375555555555556
405,204,0.44428773558029,0.00454227827226631,3.16,0.109691206593875,0.351111111111111
406,205,0.442322142988938,0.0045481958979756,3.185,0.0966986460127726,0.353888888888889
407,206,0.439776919898665,0.00456584676347609,3.16,0.106671901044098,0.351111111111111
408,207,0.43846810091839,0.00455683002096425,3.26,0.105915487310692,0.362222222222222
409,208,0.435977037401986,0.00457572067548671,3.27,0.103144042325947,0.363333333333333
410,209,0.43369007265129,0.0045864643640741,3.145,0.100600583432377,0.349444444444444
411,210,0.432235315476493,0.00458229696656433,3.285,0.116562468424558,0.365
412,211,0.429999129493285,0.00458474485576483,3.235,0.105853197861413,0.359444444444444
413,212,0.428044868900546,0.00457320883673096,3.195,0.0996722014339679,0.355
414,213,0.426853917974926,0.00459193734005283,3.165,0.0934480480718684,0.351666666666667
415,214,0.425763681074003,0.00457942630599417,3.145,0.106661890073118,0.349444444444444
416,215,0.424227186584978,0.00459675517378731,3.23,0.106970620115241,0.358888888888889
417,216,0.422090845676789,0.00460580934526292,3.24,0.102049352529836,0.36
418,217,0.420916366874807,0.00465258912211374,3.385,0.109056598647412,0.376111111111111
419,218,0.419385933478433,0.0046309312881495,3.315,0.108571700135679,0.368333333333333
420,219,0.418357978483691,0.00461087197125405,3.215,0.102696679791515,0.357222222222222
421,220,0.416297256675965,0.0045894719136394,3.32,0.110676312872971,0.368888888888889
422,221,0.415242638810119,0.00459062108643429,3.245,0.103820849756786,0.360555555555556
423,222,0.413871669590493,0.00459524525682581,3.21,0.113993299635588,0.356666666666667
424,223,0.412247492764963,0.00459588968946362,3.23,0.117278605707878,0.358888888888889
425,224,0.4105261677939,0.00457238996311454,3.24,0.106388876132912,0.36
426,225,0.409182969551183,0.00455523100956122,3.18,0.111580693922745,0.353333333333333
427,226,0.40732627234197,0.00452263492197984,3.155,0.105881677585129,0.350555555555556
428,227,0.405991421413289,0.00451722193570866,3.355,0.103675542392853,0.372777777777778
429,228,0.404843832038827,0.00446127361861449,3.11,0.103406792930255,0.345555555555556
430,229,0.403661997829236,0.0044214097267504,3.07,0.102115807742752,0.341111111111111
431,230,0.402347981178796,0.00444327656600931,3.35,0.114468402082745,0.372222222222222
432,231,0.399944621119635,0.00443590058348516,3.24,0.116532825836703,0.36
433,232,0.398826046071332,0.00442983438111317,3.1,0.103214661418126,0.344444444444444
434,233,0.396787114379059,0.00442576478098124,3.225,0.104529936083825,0.358333333333333
435,234,0.394891551838506,0.00442280383229125,3.195,0.10092474434003,0.355
436,235,0.393973984001953,0.00440050454097021,3.03,0.105122565459773,0.336666666666667
437,236,0.39245364538755,0.0044074485005977,3.28,0.114777477523831,0.364444444444444
438,237,0.391840728749988,0.00441191821954087,3.29,0.103114806485698,0.365555555555556
439,238,0.389616410949329,0.00440358827778375,3.105,0.102333944421705,0.345
440,239,0.388230882233892,0.00437933281898256,3.07,0.102115807742752,0.341111111111111
441,240,0.386298333890598,0.00438788286226787,3.22,0.103739139408548,0.357777777777778
442,241,0.384734354372436,0.00443377925892786,3.215,0.110702984394138,0.357222222222222
443,242,0.383687178954578,0.00443034517715457,3.16,0.103321715454313,0.351111111111111
444,243,0.382640823463839,0.00440061998857297,3.175,0.106906595215181,0.352777777777778
445,244,0.381007270210413,0.00443203216477682,3,0.105144074402267,0.333333333333333
446,245,0.38007050980337,0.00444224343583742,3.19,0.106895430986685,0.354444444444444
447,246,0.378311654095022,0.00440771214943377,2.98,0.102961182127662,0.331111111111111
448,247,0.376162835175169,0.00441151651707163,3.265,0.115283678953987,0.362777777777778
449,248,0.374337034154134,0.00443498433330828,3.06,0.107188839140001,0.34
450,249,0.373386119562524,0.00435987411313752,3.095,0.0903920828569411,0.343888888888889
451,250,0.371634788670467,0.00438697794513805,3.16,0.0970520245919009,0.351111111111111
452,251,0.370807665866261,0.00437551468371041,3.175,0.105009571231632,0.352777777777778
453,252,0.369389040581966,0.00435153616555414,3.165,0.103160483845006,0.351666666666667
454,253,0.367740702514719,0.00432523824045858,2.995,0.105023926443588,0.332777777777778
455,254,0.366498057967404,0.00431854165010637,3.235,0.106798429401434,0.359444444444444
456,255,0.365235995937753,0.0043118585251374,3.19,0.111271771061558,0.354444444444444
457,256,0.363538697043645,0.00429491496248019,3.045,0.107342849958374,0.338333333333333
458,257,0.362250614652025,0.00428564788226059,3.27,0.102410642506004,0.363333333333333
459,258,0.361284143005145,0.00424529242358549,3.105,0.0990907152524707,0.345
460,259,0.359677793693879,0.0042291943126349,3.07,0.0968109591370999,0.341111111111111
461,260,0.358358860425882,0.00426181220927657,2.905,0.105762961475653,0.322777777777778
462,261,0.357518269903153,0.00427781899003686,2.815,0.114759416250216,0.312777777777778
463,262,0.355758136477513,0.0043235397972701,3.135,0.102647736404388,0.348333333333333
464,263,0.353820898743696,0.00431279848858101,3.17,0.112332510720735,0.352222222222222
465,264,0.352194981219444,0.00432708374247029,3.16,0.102834208179279,0.351111111111111
466,265,0.351491828958673,0.0043339825753132,3.16,0.105725538292487,0.351111111111111
467,266,0.349554015569088,0.00437245684448967,3.125,0.102711358259824,0.347222222222222
468,267,0.34890842121747,0.00436397238420298,3.09,0.107317684596415,0.343333333333333
469,268,0.34830287844927,0.00432871352485057,3.24,0.103273068285811,0.36
470,269,0.347553037237873,0.00432299309627401,3.025,0.100610573187841,0.336111111111111
471,270,0.346060295832097,0.004347952569366,3.075,0.103199445871287,0.341666666666667
472,271,0.344953758031607,0.00435490461905071,3.02,0.109581203684779,0.335555555555556
473,272,0.34394776878617,0.00435880497063012,2.855,0.104760435011118,0.317222222222222
474,273,0.342648954985051,0.00437778474833807,3.16,0.104048693664391,0.351111111111111
475,274,0.341268394350253,0.00434062824578612,3.06,0.0991521849426148,0.34
476,275,0.339327564782906,0.00436837264056633,3.105,0.0965217969498711,0.345
477,276,0.337756483981896,0.00436548172574396,2.98,0.1041741873332,0.331111111111111
478,277,0.335929491347321,0.00436105557751376,3.125,0.106080821563172,0.347222222222222
479,278,0.334834887519596,0.00434682600134079,2.915,0.10884904950384,0.323888888888889
480,279,0.333883625504812,0.00430315550404064,3.185,0.108918276495609,0.353888888888889
481,280,0.333210526011158,0.00426974183209979,3.2,0.114961212598033,0.355555555555556
482,281,0.33136941729308,0.00424435042109212,2.88,0.109259729279415,0.32
483,282,0.329798006627435,0.00421311125478304,2.95,0.102665481078234,0.327777777777778
484,283,0.328963616188903,0.004179218930727,2.95,0.107915377232423,0.327777777777778
485,284,0.327408434864373,0.0041827116438331,3.07,0.103338736552959,0.341111111111111
486,285,0.326144518872052,0.00419720997474444,2.95,0.100937813583688,0.327777777777778
487,286,0.324776245148741,0.00420198194615428,2.955,0.106402454915572,0.328333333333333
488,287,0.324195675116244,0.00421034071952422,3,0.104183834431182,0.333333333333333
489,288,0.322205707759506,0.00423243248922002,2.935,0.108224013906017,0.326111111111111
490,289,0.320391149829548,0.00425892844147647,3.225,0.107609357722025,0.358333333333333
491,290,0.319053203005921,0.00421253004449184,3.015,0.113747825646014,0.335
492,291,0.31738598608838,0.00425510148718275,3.065,0.1012677182214,0.340555555555556
493,292,0.316241515500969,0.00429980285843769,3.06,0.104096978364036,0.34
494,293,0.315512902524908,0.00431830195644436,3.215,0.108872130058696,0.357222222222222
495,294,0.31448621848589,0.00433730171095486,2.97,0.106546991072168,0.33
496,295,0.312644696826288,0.00440133226771567,3.245,0.106213376780117,0.360555555555556
497,296,0.311031255510668,0.0043973262455606,3.035,0.10232903378699,0.337222222222222
498,297,0.310157737232898,0.00443344929831093,2.825,0.105724944166906,0.313888888888889
499,298,0.308447353035254,0.00446551499236912,2.865,0.0994147446674105,0.318333333333333
500,299,0.307504466912106,0.00449318672592017,2.92,0.117203598140524,0.324444444444444
501,300,0.306341708387899,0.0044839007388355,2.865,0.100170081492083,0.318333333333333
502,301,0.305503730791392,0.00448988601393229,3.08,0.104511305921066,0.342222222222222
503,302,0.304949667195818,0.00450548640459428,3.005,0.111746640029081,0.333888888888889
504,303,0.303775022975234,0.00450198227787325,2.85,0.0979051946307161,0.316666666666667
505,304,0.302926792119991,0.00446257530068503,2.925,0.110033686025242,0.325
506,305,0.301552181060432,0.00446064907923168,2.96,0.101208774720387,0.328888888888889
507,306,0.300371047534586,0.00442185301665335,2.905,0.0976089778801832,0.322777777777778
508,307,0.298707049714261,0.00440117815643752,2.97,0.1034359462415,0.33
509,308,0.297275378130872,0.00439698603960556,2.76,0.104000386547407,0.306666666666667
510,309,0.296227201329762,0.00441315111291931,2.835,0.106751366601823,0.315
511,310,0.295265364905106,0.00435317382465622,3.03,0.0984579598064384,0.336666666666667
512,311,0.294723583303008,0.00438239891811536,2.9,0.101743593380467,0.322222222222222
513,312,0.293691900643729,0.00441858318174274,2.93,0.107158362122908,0.325555555555556
514,313,0.29210155646969,0.00444342395974461,3.055,0.10374822151409,0.339444444444444
515,314,0.290922225040956,0.00443568694750944,2.745,0.103699774426372,0.305
516,315,0.290196995630357,0.00444960106893772,2.815,0.108687348382838,0.312777777777778
517,316,0.289176288951526,0.00446868790214292,3.035,0.102818936331503,0.337222222222222
518,317,0.287646005026303,0.0044510243187925,2.93,0.109248230554993,0.325555555555556
519,318,0.286844336183264,0.00442218201796134,2.95,0.102665481078233,0.327777777777778
520,319,0.28575417943826,0.00442340975185914,2.99,0.110045673478135,0.332222222222222
521,320,0.28389238927343,0.00442380646556743,2.95,0.104364552406432,0.327777777777778
522,321,0.282885616847695,0.00439538987829398,3.02,0.106086150636093,0.335555555555556
523,322,0.28197874337102,0.00438128093338099,2.95,0.102909923045868,0.327777777777778
524,323,0.280435143388558,0.00440809536820378,2.95,0.101186429264683,0.327777777777778
525,324,0.278640420875193,0.00440889712106966,3.02,0.109810252059115,0.335555555555556
526,325,0.277328460287466,0.00439127235444421,3.11,0.101444343232481,0.345555555555556
527,326,0.276414755296232,0.00437004963543936,2.98,0.1041741873332,0.331111111111111
528,327,0.275065247791658,0.00436247869452698,3.25,0.107915377232423,0.361111111111111
529,328,0.273941324099738,0.00434260232303819,2.96,0.108168861104122,0.328888888888889
530,329,0.272897230234603,0.00435137331992824,3.035,0.100845047563529,0.337222222222222
531,330,0.272114456659447,0.0043474744176964,3.14,0.0927090873343701,0.348888888888889
532,331,0.271498545130156,0.00435328970630982,2.97,0.108879630185571,0.33
533,332,0.270331690409662,0.00438206050638393,3.135,0.104587608439987,0.348333333333333
534,333,0.268552829981229,0.00436392169183149,2.965,0.105472733383738,0.329444444444444
535,334,0.267583341663277,0.00435030221144137,2.955,0.100825113526283,0.328333333333333
536,335,0.265826211560476,0.0042764064878901,3.07,0.098610955796073,0.341111111111111
537,336,0.264570154621038,0.0042993003814745,3,0.115397499602777,0.333333333333333
538,337,0.263904823474552,0.00433339782824884,2.82,0.101931102950688,0.313333333333333
539,338,0.262518381674837,0.00436109345700696,3.01,0.11275222980781,0.334444444444444
540,339,0.261261188624284,0.00436795815442715,3.14,0.114312452005095,0.348888888888889
541,340,0.260472353601076,0.00438402363481273,2.97,0.10416212720427,0.33
542,341,0.259891776120758,0.00442663582311809,2.87,0.105932091644605,0.318888888888889
543,342,0.259136000637538,0.00443132545856693,2.835,0.106986473573243,0.315
544,343,0.258161290010996,0.00449515556313992,3.085,0.106986473573243,0.342777777777778
545,344,0.256927294780456,0.00454283271890867,2.885,0.0956799260096182,0.320555555555556
546,345,0.255429308130871,0.00453244432165895,2.76,0.105439973158658,0.306666666666667
547,346,0.254519311880341,0.00448500269746249,2.87,0.098304725702671,0.318888888888889
548,347,0.253895946596744,0.00449765819977687,2.85,0.107682298391772,0.316666666666667
549,348,0.25260462749015,0.00455346617875723,2.93,0.102115807742752,0.325555555555556
550,349,0.251028982691481,0.00454992929845167,2.855,0.103554297169705,0.317222222222222
551,350,0.249669972871023,0.00453724319236296,2.97,0.0984579598064384,0.33
552,351,0.248788929134387,0.00451835215056324,2.9,0.104665055626731,0.322222222222222
553,352,0.248286706782356,0.00452702591633068,2.85,0.102420455714392,0.316666666666667
554,353,0.246922729096875,0.00455814395420846,2.785,0.102696679791515,0.309444444444444
555,354,0.245862916886418,0.00450919927891154,3.005,0.104784416156921,0.333888888888889
556,355,0.244878351829278,0.00453046232127204,2.98,0.103690688077425,0.331111111111111
557,356,0.244593122889999,0.00460235579501213,2.85,0.106744893844198,0.316666666666667
558,357,0.243528002847574,0.00460383652124919,2.965,0.111719655419426,0.329444444444444
559,358,0.242471333674475,0.00461106378488397,2.77,0.106263633473522,0.307777777777778
560,359,0.241166528348885,0.00464530081592755,2.74,0.0962200158869579,0.304444444444444
561,360,0.239671506484435,0.00469068587712213,2.895,0.106189718341311,0.321666666666667
562,361,0.239121792885752,0.00468498134413043,2.985,0.106915995766554,0.331666666666667
563,362,0.23859737050665,0.00467282036159416,2.845,0.106355216895101,0.316111111111111
564,363,0.236692219054964,0.0046831452288402,2.76,0.101802844240607,0.306666666666667
565,364,0.23564158269118,0.00466492731426775,2.87,0.0954518479463961,0.318888888888889
566,365,0.234528881299465,0.00465563418180234,3.055,0.10637883852737,0.339444444444444
567,366,0.233352983145299,0.00467641707771093,3.005,0.0993692418767285,0.333888888888889
568,367,0.23175929582993,0.00464882833966589,2.87,0.0970183632827845,0.318888888888889
569,368,0.230814231155058,0.00467186087779769,2.8,0.106568212519484,0.311111111111111
570,369,0.229615336667002,0.00469633534683828,2.815,0.104202523141936,0.312777777777778
571,370,0.228319195816087,0.00467685335559353,2.89,0.10722399416466,0.321111111111111
572,371,0.22739611873367,0.0046835754651315,2.895,0.111724153306977,0.321666666666667
573,372,0.226824207388959,0.00474718104062681,2.865,0.0912441916648002,0.318333333333333
574,373,0.225552181537318,0.00474633094681099,2.85,0.110219060085042,0.316666666666667
575,374,0.224965356390409,0.00471290117530117,2.915,0.103646456474394,0.323888888888889
576,375,0.223919510920257,0.0047300990154866,3.035,0.0998434704573355,0.337222222222222
577,376,0.223021157512984,0.00470641961495118,2.85,0.0981614913902585,0.316666666666667
578,377,0.22206458893006,0.00472182759940929,2.88,0.105277809083525,0.32
579,378,0.220574059123984,0.00469473062857825,2.885,0.0987808853806388,0.320555555555556
580,379,0.219646976572851,0.00473359843476624,2.925,0.0989740080594737,0.325
581,380,0.218802750080801,0.00476314728251896,2.835,0.113371692690537,0.315
582,381,0.217696023600934,0.00473369479524717,2.805,0.102407575685537,0.311666666666667
583,382,0.216760443182163,0.00478166514587412,2.96,0.111147509392793,0.328888888888889
584,383,0.21614185941872,0.00479790786857938,2.755,0.104062577810193,0.306111111111111
585,384,0.215066244967498,0.00475325052235958,2.905,0.100150013108477,0.322777777777778
586,385,0.213706244921614,0.00476787074418231,2.785,0.0999692163673674,0.309444444444444
587,386,0.212724413980762,0.00475320294501166,2.875,0.114509550631944,0.319444444444444
588,387,0.212166021835198,0.0047968577123503,2.775,0.102833597348914,0.308333333333333
589,388,0.210681175763161,0.00480639084550974,2.915,0.0999440798420666,0.323888888888889
590,389,0.210040904497419,0.00477340520114444,2.9,0.101990244877887,0.322222222222222
591,390,0.208791486132046,0.00473095406611949,2.86,0.101009975128088,0.317777777777778
592,391,0.207431136380347,0.00476216192807016,2.895,0.0998485033342536,0.321666666666667
593,392,0.206724661147023,0.00479247512064828,3.02,0.106558781286887,0.335555555555556
594,393,0.206158822959346,0.00480031155854231,2.905,0.100150013108477,0.322777777777778
595,394,0.204715454414122,0.00476781332424554,3.085,0.0989333819817748,0.342777777777778
596,395,0.204059125479359,0.0047469501786188,2.835,0.101193257566324,0.315
597,396,0.203132540218237,0.00478027332684189,2.615,0.0917932733108784,0.290555555555556
598,397,0.201935106932082,0.00478885962757891,2.855,0.102333944421705,0.317222222222222
599,398,0.20108619361083,0.00480537537906815,2.7,0.106568212519484,0.3
600,399,0.200232746818164,0.00478632591335003,2.7,0.10633218075125,0.3
601,400,0.199342411583851,0.00481715001533902,2.91,0.10755155360764,0.323333333333333
602,401,0.199027773892886,0.00484004549536098,2.885,0.0943577869589944,0.320555555555556
603,402,0.198178597118449,0.00483326343334507,2.78,0.0940864565521132,0.308888888888889
604,403,0.197680123405186,0.00482609256446968,2.9,0.099243368701167,0.322222222222222
605,404,0.196809755492972,0.00480850458893502,2.84,0.102834208179279,0.315555555555556
606,405,0.196110281476966,0.00487027703715045,2.73,0.102410642506004,0.303333333333333
607,406,0.195654069908681,0.00487668059042264,2.895,0.104038430278789,0.321666666666667
608,407,0.194747053269731,0.00486268486713398,2.89,0.101938497568054,0.321111111111111
609,408,0.194213607591144,0.00484134208991086,2.995,0.101371871253356,0.332777777777778
610,409,0.192749511631149,0.00484163534841047,2.795,0.108506883277481,0.310555555555556
611,410,0.192190219911916,0.00481690169416331,2.955,0.108042774890458,0.328333333333333
612,411,0.191374594593778,0.00480270161918641,2.79,0.0917693197108979,0.31
613,412,0.190168643320462,0.00475816490258439,2.755,0.106920695732301,0.306111111111111
614,413,0.189462439875414,0.00473841262015458,2.69,0.106660123333642,0.298888888888889
615,414,0.188797697482928,0.00472173144183699,2.89,0.109771347553533,0.321111111111111
616,415,0.188000608031218,0.00470736175016055,2.82,0.105086707439152,0.313333333333333
617,416,0.187222654048481,0.00470737528331307,2.635,0.102279914472601,0.292777777777778
618,417,0.186008317257329,0.00472419516315948,2.805,0.0994197992474943,0.311666666666667
619,418,0.18495414695689,0.00470150072793388,2.64,0.0927090873343701,0.293333333333333
620,419,0.184269480511593,0.00473690896104868,2.75,0.105799184007644,0.305555555555556
621,420,0.183226145583555,0.00477665096150409,2.685,0.101143586675716,0.298333333333333
622,421,0.182734010967335,0.0047867385843797,2.875,0.097180736143471,0.319444444444444
623,422,0.181774244538312,0.00480825772185497,2.695,0.108715085656252,0.299444444444444
624,423,0.180871783151763,0.0047632635318522,2.6,0.101248487798125,0.288888888888889
625,424,0.180131950706311,0.00476443820550948,2.73,0.106735478223306,0.303333333333333
626,425,0.178703764910244,0.00479326335493163,2.73,0.107672964743632,0.303333333333333
627,426,0.178182438392777,0.00477816277762139,2.715,0.100094804306948,0.301666666666667
628,427,0.177269009059854,0.00477562284936431,2.645,0.10171827780788,0.293888888888889
629,428,0.176534098404022,0.0047391673688719,2.755,0.092290098664796,0.306111111111111
630,429,0.176297672115978,0.00478817685833624,3.075,0.113849389181872,0.341666666666667
631,430,0.175398509567951,0.0047824143337049,2.74,0.109645385460419,0.304444444444444
632,431,0.174700966331967,0.00479314655164581,2.79,0.109496334350429,0.31
633,432,0.172865642905183,0.00481272130949294,2.715,0.103306515674978,0.301666666666667
634,433,0.172181115015228,0.00481898332362217,2.645,0.100725384164447,0.293888888888889
635,434,0.171792405308377,0.00483085365226498,2.875,0.104409683025799,0.319444444444444
636,435,0.171193040686306,0.00481848165197136,2.75,0.10627309089909,0.305555555555556
637,436,0.170912864548622,0.00476839136805884,2.77,0.0960815189901643,0.307777777777778
638,437,0.170549735390189,0.00476076907713936,2.815,0.111201184874928,0.312777777777778
639,438,0.170215081516393,0.00473012232798043,2.705,0.0981736488403745,0.300555555555556
640,439,0.169959109872549,0.00473431520403114,2.7,0.0951063937422362,0.3
641,440,0.169213334816352,0.00474122068903908,2.77,0.103387352822374,0.307777777777778
642,441,0.169009811231804,0.00471271985583528,2.85,0.0973905776916616,0.316666666666667
643,442,0.168420830046388,0.00467269779155253,2.84,0.1018521936275,0.315555555555556
644,443,0.168155134680693,0.00467231851639239,2.865,0.0968544211405568,0.318333333333333
645,444,0.167317712443246,0.00463984701928118,2.735,0.106680733473633,0.303888888888889
646,445,0.166312494222227,0.00460690016871438,2.765,0.0979635610647266,0.307222222222222
647,446,0.165880819640864,0.00462139505708276,3.01,0.104181422740434,0.334444444444444
648,447,0.165129259180804,0.00463192955947573,2.75,0.104844944139228,0.305555555555556
649,448,0.163906975967548,0.00458834991921596,2.78,0.101288185305158,0.308888888888889
650,449,0.163176675444535,0.00460371985847366,2.635,0.0997931277278578,0.292777777777778
651,450,0.162875480443785,0.00458113036730364,2.96,0.105582852269994,0.328888888888889
652,451,0.161829812305359,0.00459009283909769,2.925,0.0958792949284667,0.325
653,452,0.16153756821644,0.00454983292286089,2.685,0.0965686414555098,0.298333333333333
654,453,0.161078217419388,0.00454154231807273,2.705,0.101940346138584,0.300555555555556
655,454,0.16062500966756,0.00454220068038194,2.825,0.100109864272324,0.313888888888889
656,455,0.159684406224297,0.0045376376579166,2.785,0.104635644454709,0.309444444444444
657,456,0.158644275620126,0.00452181040450836,2.715,0.101589750402955,0.301666666666667
658,457,0.158166563742937,0.0045029400245581,2.575,0.103077640640441,0.286111111111111
659,458,0.157641599276973,0.00448926819808221,2.895,0.10085003045719,0.321666666666667
660,459,0.157198241950038,0.00448243116030276,2.815,0.103961120486768,0.312777777777778
661,460,0.156666153237962,0.00449846482335089,2.78,0.101288185305158,0.308888888888889
662,461,0.156112581227203,0.00448390387290493,2.725,0.0958792949284667,0.302777777777778
663,462,0.155184908376084,0.00446352869247157,2.68,0.10791770547866,0.297777777777778
664,463,0.154042665785921,0.00443771628864465,2.75,0.105799184007644,0.305555555555556
665,464,0.153720854458954,0.00445561594451117,2.72,0.10589650774109,0.302222222222222
666,465,0.152828040545224,0.00447918272415918,2.855,0.098582287134573,0.317222222222222
667,466,0.152263915868361,0.00451259628381742,2.705,0.0955800856026981,0.300555555555556
668,467,0.151168956322642,0.0045513744288783,2.65,0.0979051946307161,0.294444444444444
669,468,0.150341001357319,0.00452343279356737,2.665,0.0982964187020476,0.296111111111111
670,469,0.14992120381669,0.00454376658258207,2.875,0.105367864810261,0.319444444444444
671,470,0.149421778262734,0.00460384871746181,2.85,0.0989263976944679,0.316666666666667
672,471,0.14836763514959,0.00458989932538626,2.915,0.106986473573243,0.323888888888889
673,472,0.147523790931525,0.00460454736933296,2.625,0.105724944166906,0.291666666666667
674,473,0.147591819440579,0.0045883728523506,2.755,0.102358494061473,0.306111111111111
675,474,0.147116849308182,0.00460120748469145,2.785,0.109791373653139,0.309444444444444
676,475,0.14681336749268,0.00459441494377674,2.675,0.1120699485448,0.297222222222222
677,476,0.146602346979036,0.00461681824626796,2.84,0.0988476315920457,0.315555555555556
678,477,0.145890446715865,0.0045774374143306,2.79,0.108342932186525,0.31
679,478,0.14513732501666,0.00455802347694366,2.625,0.101851576907738,0.291666666666667
680,479,0.145035572887473,0.00454091632836179,2.725,0.100735361543634,0.302777777777778
681,480,0.144348936486378,0.00458721151825338,2.72,0.103739139408548,0.302222222222222
682,481,0.143672898901032,0.00459634032593352,2.64,0.102491573375889,0.293333333333333
683,482,0.143207845551811,0.00464683025719831,2.715,0.103306515674978,0.301666666666667
684,483,0.142466429489145,0.00464695854779142,2.68,0.0950429683308856,0.297777777777778
685,484,0.141887455382734,0.00462123834455921,2.825,0.110603075007004,0.313888888888889
686,485,0.141134868183566,0.00462631230246632,2.795,0.104496279176864,0.310555555555556
687,486,0.140628395464241,0.00463762503757932,2.89,0.106989409141007,0.321111111111111
688,487,0.13973613030985,0.0046592433336373,2.615,0.101168425169399,0.290555555555556
689,488,0.139942234775073,0.00463851467044484,2.695,0.103505759313457,0.299444444444444
690,489,0.13943489922116,0.00467425802593398,2.895,0.108298280632426,0.321666666666667
691,490,0.13839234326332,0.00469199892549239,2.805,0.105786715355609,0.311666666666667
692,491,0.137742791110865,0.00470218536105232,2.68,0.10838234943173,0.297777777777778
693,492,0.136841149159899,0.00462681715266858,2.615,0.108825964053903,0.290555555555556
694,493,0.1362519102239,0.00460487927224207,2.805,0.0981480524565058,0.311666666666667
695,494,0.135643893387881,0.00459530279112552,2.83,0.104451185973431,0.314444444444444
696,495,0.134746894625555,0.00463589306470786,2.695,0.101297487157987,0.299444444444444
697,496,0.134898554605254,0.00466041871035716,2.535,0.10342805136444,0.281666666666667
698,497,0.133985372259698,0.00464308964959685,2.56,0.0981333315126357,0.284444444444444
699,498,0.133696251067366,0.00461492655859172,2.735,0.100370544639131,0.303888888888889
700,499,0.133443150895255,0.00459702116433123,2.68,0.0989289374923577,0.297777777777778
701,500,0.133292647323808,0.00457125054751345,2.71,0.101394795342823,0.301111111111111
702,501,0.132450243461952,0.00455649929884161,2.66,0.102344378738143,0.295555555555556
703,502,0.131928179986991,0.00455068793832151,2.72,0.0961991234720145,0.302222222222222
704,503,0.130986031029775,0.00454080347842751,2.56,0.0968446925358423,0.284444444444444
705,504,0.13020254085165,0.00455867112990142,2.695,0.111903920562177,0.299444444444444
706,505,0.12976742011098,0.00453232800358321,2.83,0.105170357135937,0.314444444444444
707,506,0.12950537918783,0.00455679589991779,2.785,0.109332717957985,0.309444444444444
708,507,0.129587887256181,0.00455530551982449,2.815,0.102745599864214,0.312777777777778
709,508,0.128770155068874,0.00453996476137034,2.79,0.0983762646538085,0.31
710,509,0.127804637480182,0.00454064178502392,2.695,0.0943631124164768,0.299444444444444
711,510,0.127136951881827,0.00453434817866567,2.545,0.102677105236262,0.282777777777778
712,511,0.126562136575206,0.00454145139053242,2.38,0.0909359485223987,0.264444444444444
713,512,0.126216231550416,0.00458632733959525,2.61,0.102184678610414,0.29
714,513,0.126076740540663,0.00458441981469188,2.83,0.10177075430673,0.314444444444444
715,514,0.125896898785507,0.00455073468961905,2.505,0.0987350904716872,0.278333333333333
716,515,0.125382101297392,0.00458390469668585,2.695,0.110548540919804,0.299444444444444
717,516,0.125471125700099,0.00458801287208022,2.735,0.0993641847248301,0.303888888888889
718,517,0.125137134134644,0.00458207781482092,2.845,0.102994730801456,0.316111111111111
719,518,0.123569339465243,0.00458443538209259,2.76,0.0938404505037874,0.306666666666667
720,519,0.123308595958483,0.0046190677671636,2.825,0.099858568327118,0.313888888888889
721,520,0.122682073139808,0.00463946104019551,2.675,0.104889868062223,0.297222222222222
722,521,0.122417601774556,0.00470102850926863,2.77,0.106263633473522,0.307777777777778
723,522,0.121075937837801,0.00472345038075135,2.665,0.101069034569168,0.296111111111111
724,523,0.120755903069798,0.00470773654833225,2.49,0.0937734895196048,0.276666666666667
725,524,0.120312707236037,0.00467359267043277,2.545,0.111137901572007,0.282777777777778
726,525,0.119363991559418,0.00465109140353998,2.585,0.0995662704486579,0.287222222222222
727,526,0.118990455642062,0.00462722515306405,2.8,0.11691168337058,0.311111111111111
728,527,0.118153386423656,0.00467920282875066,2.685,0.101886107465505,0.298333333333333
729,528,0.117279110861513,0.00469570137885184,2.57,0.10947797557353,0.285555555555556
730,529,0.116837915269204,0.00477421428610393,2.57,0.106688387654428,0.285555555555556
731,530,0.116533396214578,0.00480834151629195,2.555,0.101421430342227,0.283888888888889
732,531,0.115887855597092,0.00485202166411962,2.73,0.0963426673272995,0.303333333333333
733,532,0.115738696471249,0.00486375974949214,2.6,0.105858538393243,0.288888888888889
734,533,0.114887858574814,0.00493885986529623,2.745,0.102726034630734,0.305
735,534,0.114546831179201,0.00489435069605399,2.865,0.105544174942635,0.318333333333333
736,535,0.113943536065389,0.0048880172540033,2.81,0.0972976575815382,0.312222222222222
737,536,0.113438157340087,0.00489370689438258,2.65,0.10068858403401,0.294444444444444
738,537,0.113149376160965,0.00488622528617534,2.645,0.100475627685494,0.293888888888889
739,538,0.112903194733395,0.00488510494188054,2.745,0.103457198685249,0.305
740,539,0.113068951520568,0.00489829409453919,2.65,0.0986720877681355,0.294444444444444
741,540,0.112911956352737,0.0049532996315788,2.605,0.100475627685494,0.289444444444444
742,541,0.11232722738465,0.00501237380740194,2.815,0.11165216536257,0.312777777777778
743,542,0.112136027794676,0.00502007058753184,2.54,0.092383295929698,0.282222222222222
744,543,0.111692766661,0.00506028096783494,2.635,0.103014245002169,0.292777777777778
745,544,0.111109249812355,0.00501029234042646,2.675,0.107726039087527,0.297222222222222
746,545,0.110358147249725,0.00501224611190136,2.58,0.100090411390209,0.286666666666667
747,546,0.109882354968349,0.00498987450338524,2.625,0.101356998801416,0.291666666666667
748,547,0.109587045835003,0.00501445953373067,2.62,0.104318800128747,0.291111111111111
749,548,0.109701963252329,0.00504214395584663,2.655,0.101396653825633,0.295
750,549,0.109408963928947,0.00506649808101548,2.61,0.0968836010932914,0.29
751,550,0.108473576103493,0.00508402869235905,2.835,0.10413016110744,0.315
752,551,0.107845623418491,0.00502626663347306,2.705,0.0901694384932664,0.300555555555556
753,552,0.107392316224135,0.00507076602497469,2.62,0.099385043817837,0.291111111111111
754,553,0.106582571321595,0.00501476780540639,2.66,0.0998591973554885,0.295555555555556
755,554,0.106640450422695,0.00502896775788701,2.67,0.108231558945433,0.296666666666667
756,555,0.106941362332447,0.00498744864030184,2.83,0.110755741028871,0.314444444444444
757,556,0.106595774054157,0.00497865955086706,2.675,0.101728157805262,0.297222222222222
758,557,0.106250190049681,0.00494766783812158,2.59,0.106612999480792,0.287777777777778
759,558,0.105178695105558,0.00493581412603891,2.78,0.104463212730944,0.308888888888889
760,559,0.10518304632469,0.00494992293656922,2.565,0.0998937878159655,0.285
761,560,0.104712694069249,0.00492824122106392,2.605,0.107014651699625,0.289444444444444
762,561,0.105054738599938,0.00491422980141268,2.765,0.0994905364050815,0.307222222222222
763,562,0.104761775414294,0.00491552386188166,2.65,0.102909923045868,0.294444444444444
764,563,0.102809002488929,0.00487251871540308,2.685,0.0978609155586122,0.298333333333333
765,564,0.101940298327865,0.00493972395398925,2.54,0.0937332899680855,0.282222222222222
766,565,0.10107244648396,0.00491570656742748,2.715,0.100845047563529,0.301666666666667
767,566,0.10087087792296,0.00489711469450734,2.615,0.0965946563645782,0.290555555555556
768,567,0.100860428481874,0.0049345750088096,2.705,0.107693381048271,0.300555555555556
769,568,0.100192388610932,0.00491801557846566,2.775,0.110375671887983,0.308333333333333
770,569,0.1001964771776,0.00494123385371892,2.555,0.104832361990957,0.283888888888889
771,570,0.099776221784229,0.00493887763008852,2.69,0.112171351334917,0.298888888888889
772,571,0.0994519482927558,0.00492574787406263,2.705,0.106520458317644,0.300555555555556
773,572,0.0994977048397333,0.00492033496436321,2.805,0.100175097959804,0.311666666666667
774,573,0.0991571086555128,0.0048760307279778,2.78,0.106841356116835,0.308888888888889
775,574,0.0989927805491868,0.00489185537604582,2.675,0.0974389384880005,0.297222222222222
776,575,0.098147915717047,0.00488274591679335,2.68,0.103642214095964,0.297777777777778
777,576,0.0977087729409996,0.00487904963425217,2.61,0.0955781140188327,0.29
778,577,0.0971186502012096,0.00488547232676205,2.51,0.101246006187129,0.278888888888889
779,578,0.0969648038710317,0.00488904430250751,2.64,0.0945871749675489,0.293333333333333
780,579,0.0966723378704872,0.0049446181158948,2.545,0.096885546110997,0.282777777777778
781,580,0.095315360624465,0.00494138576166002,2.745,0.103214052839318,0.305
782,581,0.0953554870421595,0.00492763825413383,2.67,0.0967070902598804,0.296666666666667
783,582,0.0947780593292487,0.00496534282063746,2.6,0.101743593380467,0.288888888888889
784,583,0.0940623773527411,0.00492004758205341,2.585,0.0995662704486579,0.287222222222222
785,584,0.093856677345637,0.00487490564371644,2.47,0.0984579598064383,0.274444444444444
786,585,0.0941525448783698,0.00487545179289195,2.575,0.0973099229551007,0.286111111111111
787,586,0.0940148208249001,0.00487904522539213,2.63,0.102802440187686,0.292222222222222
788,587,0.0939083946797584,0.00489393526259966,2.445,0.106023961452164,0.271666666666667
789,588,0.0933244138034484,0.00492061010828702,2.615,0.0996671596543608,0.290555555555556
790,589,0.0925514352163651,0.00491291495565198,2.62,0.0998893860589612,0.291111111111111
791,590,0.0927686840069646,0.00491584086542666,2.445,0.0973770323647254,0.271666666666667
792,591,0.0926798791510898,0.00488330606413385,2.545,0.114039026203697,0.282777777777778
793,592,0.0924809902793638,0.00490200806902059,2.485,0.0974492523517733,0.276111111111111
794,593,0.092519190815508,0.004880340804186,2.8,0.103942388372129,0.311111111111111
795,594,0.0927071619490332,0.00488065266345638,2.48,0.10393271886298,0.275555555555556
796,595,0.0923106350837599,0.00487051359753712,2.7,0.103457805833778,0.3
797,596,0.0918416691986677,0.00480539789551079,2.825,0.098592481391507,0.313888888888889
798,597,0.0919333707855566,0.0048303320924314,2.64,0.10298070268564,0.293333333333333
799,598,0.0917069346169758,0.00483298819688131,2.655,0.105525128589446,0.295
800,599,0.09166361030292,0.00477560699437976,2.61,0.0950508988218111,0.29
801,600,0.0909214519974439,0.00476327642323595,2.56,0.0973621948444294,0.284444444444444
802,601,0.0901057959047148,0.00473179804095934,2.755,0.110843612953852,0.306111111111111
803,602,0.0894122179376408,0.00479226846544807,2.59,0.100047727303989,0.287777777777778
804,603,0.0887436120235019,0.00477177527460521,2.575,0.0993540696488014,0.286111111111111
805,604,0.0888301186212898,0.00474262529789938,2.655,0.106473272650674,0.295
806,605,0.0888295625855202,0.0047049115515558,2.545,0.101693573614919,0.282777777777778
807,606,0.0888621612325656,0.00474795286949875,2.805,0.104110856070627,0.311666666666667
808,607,0.0888888532557273,0.00480769706215653,2.585,0.108270436579825,0.287222222222222
809,608,0.0882552829970368,0.00476263893455412,2.67,0.105408990491238,0.296666666666667
810,609,0.0880731160766454,0.00481884605942769,2.605,0.0992174151920262,0.289444444444444
811,610,0.0875580564359113,0.00487197365555642,2.59,0.0951565755444505,0.287777777777778
812,611,0.0873599000293961,0.00479725156433274,2.575,0.0983373079286456,0.286111111111111
813,612,0.0870528360499913,0.00475019568300557,2.585,0.10425073659405,0.287222222222222
814,613,0.0867164378762895,0.00474430790927389,2.6,0.101743593380467,0.288888888888889
815,614,0.0860858595146168,0.00475534620289825,2.53,0.100228382423424,0.281111111111111
816,615,0.085578224916026,0.00481656649830939,2.625,0.100109864272324,0.291666666666667
817,616,0.0849311466633991,0.00481331589566081,2.74,0.106624782396521,0.304444444444444
818,617,0.0846681356322216,0.00480336566654289,2.655,0.104086719739507,0.295
819,618,0.0845061585623554,0.00483369156743193,2.705,0.106520458317644,0.300555555555556
820,619,0.0834013234432453,0.00484660021756705,2.665,0.10473165038786,0.296111111111111
821,620,0.0838628889303511,0.00480801127599746,2.53,0.0963948120958538,0.281111111111111
822,621,0.0831410334379262,0.00484490744841088,2.555,0.101421430342227,0.283888888888889
823,622,0.0832889188721066,0.00481570995011396,2.7,0.0969380468372615,0.3
824,623,0.082904135680067,0.00476215431046073,2.675,0.109805103724827,0.297222222222222
825,624,0.081942559621395,0.0047692416982333,2.75,0.101186429264683,0.305555555555556
826,625,0.0811979296924677,0.0047663458814774,2.595,0.105406010908669,0.288333333333333
827,626,0.0808105986545184,0.00477402373959917,2.635,0.101540273466632,0.292777777777778
828,627,0.0806350211708749,0.0047097636496158,2.505,0.0966778570314888,0.278333333333333
829,628,0.0797633261987503,0.00472896694045196,2.355,0.10171827780788,0.261666666666667
830,629,0.0793971590620381,0.0047311748153022,2.68,0.102422908869581,0.297777777777778
831,630,0.0790329276289264,0.00477176202696393,2.68,0.103884357816733,0.297777777777778
832,631,0.0785334999490247,0.00477142270866017,2.535,0.0876486533391176,0.281666666666667
833,632,0.0782601336042012,0.00480750263334613,2.61,0.107691631230964,0.29
834,633,0.0781370046073354,0.0047794934876067,2.655,0.106708992335352,0.295
835,634,0.0778914544356354,0.00480780963966405,2.545,0.106991170443003,0.282777777777778
836,635,0.0783412852958463,0.00481710130853801,2.51,0.0969354548762232,0.278888888888889
837,636,0.0783541289621803,0.0047661250906209,2.555,0.104110856070627,0.283888888888889
838,637,0.0783277283456933,0.00474933991817863,2.535,0.0997175659792402,0.281666666666667
839,638,0.0779400490808904,0.0047601666945947,2.665,0.107103833525131,0.296111111111111
840,639,0.0780664150018737,0.00481298041236308,2.51,0.110273757111734,0.278888888888889
841,640,0.0780867938533293,0.00476698278936365,2.58,0.0949371651495513,0.286666666666667
842,641,0.0780548807422363,0.00476017662632788,2.49,0.105856164856804,0.276666666666667
843,642,0.0772840080050267,0.00479689804031329,2.59,0.10422964595295,0.287777777777778
844,643,0.0771252072035565,0.00481103600163392,2.65,0.103153785764692,0.294444444444444
845,644,0.0765275335979112,0.00473893516897073,2.37,0.10007785913701,0.263333333333333
846,645,0.0765105858570568,0.00475573759504121,2.65,0.103153785764692,0.294444444444444
847,646,0.0754436636076948,0.00478258434790631,2.56,0.104578599230844,0.284444444444444
848,647,0.0746903449767072,0.00480992243860483,2.69,0.0993420566583233,0.298888888888889
849,648,0.0746057210918997,0.00478681140561476,2.615,0.104347096667395,0.290555555555556
850,649,0.0740543066117574,0.00481785901891545,2.665,0.0943844112416194,0.296111111111111
851,650,0.0743775036187709,0.0047983979579796,2.69,0.0954729038884039,0.298888888888889
852,651,0.0734217885735266,0.00482229174355545,2.61,0.0996955163480259,0.29
853,652,0.0734424841579546,0.00482652757923533,2.61,0.0968836010932914,0.29
854,653,0.0732055947432491,0.00484472358738276,2.68,0.0968758206319594,0.297777777777778
855,654,0.0736257484120375,0.00486152920625625,2.56,0.0931417032505962,0.284444444444444
856,655,0.0734827394245634,0.0049010370550242,2.62,0.102863523771126,0.291111111111111
857,656,0.0731545009145085,0.00487301375815804,2.8,0.0964182680411772,0.311111111111111
858,657,0.0731234102881254,0.00489023264717787,2.745,0.0945758848224522,0.305
859,658,0.0728023631640506,0.00485495529351747,2.72,0.101288185305158,0.302222222222222
860,659,0.0728005166634703,0.00489530396644891,2.71,0.111316922731596,0.301111111111111
861,660,0.0724719014525544,0.00484986892384581,2.55,0.0929013092821175,0.283333333333333
862,661,0.0718974345342519,0.00482613545083038,2.64,0.103224398191075,0.293333333333333
863,662,0.0715612936129334,0.00478870333328455,2.56,0.100910428464378,0.284444444444444
864,663,0.0712106907378728,0.00475084595804366,2.79,0.0976070472783187,0.31
865,664,0.0710486171865088,0.00472077356867984,2.62,0.0968239349120831,0.291111111111111
866,665,0.0708324234578831,0.0047213794879718,2.64,0.108909625528065,0.293333333333333
867,666,0.0705106451820748,0.00474368634376271,2.57,0.0996249247334256,0.285555555555556
868,667,0.0702460978709136,0.00476975785512204,2.675,0.111620656037632,0.297222222222222
869,668,0.0699441156501336,0.0047659275431884,2.695,0.104952130748945,0.299444444444444
870,669,0.0695410897109396,0.0047747001661767,2.695,0.100800190436129,0.299444444444444
871,670,0.06964388189696,0.00480202327094747,2.64,0.105153632520046,0.293333333333333
872,671,0.0697340724527988,0.00482745941115037,2.475,0.0961409925695658,0.275
873,672,0.0698191056716475,0.00483829739429982,2.555,0.108135755920707,0.283888888888889
874,673,0.070113128263299,0.00484987276296363,2.445,0.0984037166843124,0.271666666666667
875,674,0.0706384423813681,0.004831876265033,2.44,0.097619917236218,0.271111111111111
876,675,0.0699739884583375,0.00483562194054918,2.4,0.107740615373243,0.266666666666667
877,676,0.0696339607256382,0.00486168537285912,2.515,0.0964124045898347,0.279444444444444
878,677,0.0690885399985352,0.00483741101321945,2.745,0.10913029877423,0.305
879,678,0.0699478224673138,0.00483603162193673,2.555,0.0986587183859988,0.283888888888889
880,679,0.069784396134697,0.00481908080650801,2.715,0.105710684151218,0.301666666666667
881,680,0.0696655507213239,0.00479759002540855,2.44,0.10385533037953,0.271111111111111
882,681,0.0690973009731391,0.00482194853950571,2.71,0.100398702668348,0.301111111111111
883,682,0.0686686461691736,0.00483204342277784,2.585,0.0972686018431571,0.287222222222222
884,683,0.0691528123729727,0.00480203201410871,2.405,0.0964436722110254,0.267222222222222
885,684,0.0691140902620307,0.0048369976649716,2.785,0.106539326732918,0.309444444444444
886,685,0.0687420118062544,0.00483825483829535,2.73,0.0960815189901642,0.303333333333333
887,686,0.0683176340505327,0.00475453490775266,2.585,0.10400944584085,0.287222222222222
888,687,0.0687011704927653,0.00473180380970188,2.68,0.0991825888432452,0.297777777777778
889,688,0.0688280900473238,0.0047221073975226,2.66,0.106907182773859,0.295555555555556
890,689,0.0688299468582878,0.0047068894207921,2.7,0.099243368701167,0.3
891,690,0.0684075096799038,0.00478629743865417,2.695,0.0980199702757776,0.299444444444444
892,691,0.0691865927650357,0.00479909949745615,2.585,0.0967505989230031,0.287222222222222
893,692,0.06925585929374,0.00477945438387724,2.64,0.0961677763392196,0.293333333333333
894,693,0.0694029106015908,0.00478174693353648,2.815,0.100270363162019,0.312777777777778
895,694,0.0695128753724676,0.00476672542755499,2.535,0.0997175659792402,0.281666666666667
896,695,0.0697069475477465,0.00471774694110103,2.515,0.10609029528552,0.279444444444444
897,696,0.0693956114422056,0.00471746115985983,2.48,0.100740973385177,0.275555555555556
898,697,0.0683654331278345,0.00471458537402949,2.71,0.102381197237279,0.301111111111111
899,698,0.0676339834497266,0.00469890590329522,2.565,0.101886107465505,0.285
900,699,0.067939323960825,0.00471925622982141,2.755,0.101866377151491,0.306111111111111
901,700,0.0682605266167238,0.00473045674464256,2.71,0.0968317195424502,0.301111111111111
902,701,0.0682081195574293,0.00470322022951985,2.655,0.100650522294676,0.295
903,702,0.0675294376457094,0.00468982000284461,2.73,0.112689817529688,0.303333333333333
904,703,0.0675423582218723,0.00468174950409494,2.505,0.104904239654494,0.278333333333333
905,704,0.0669590934633104,0.00463578352468444,2.51,0.097194308826915,0.278888888888889
906,705,0.0666748544837889,0.00469991565978597,2.485,0.10489944934251,0.276111111111111
907,706,0.0662753707561387,0.00470657621554982,2.525,0.102466442600963,0.280555555555556
908,707,0.0665047396504627,0.00467369688057787,2.63,0.0949239314599806,0.292222222222222
909,708,0.0662940529847782,0.00468439797152145,2.56,0.0955386737973413,0.284444444444444
910,709,0.0653290983622539,0.00471780059157285,2.805,0.104592413034223,0.311666666666667
911,710,0.0649517663636214,0.00466594403155537,2.615,0.100170081492084,0.290555555555556
912,711,0.0646187085002166,0.00464068393309095,2.475,0.0921375146617283,0.275
913,712,0.0646293610538786,0.00460507481103148,2.42,0.101585422133049,0.268888888888889
914,713,0.0637886595779914,0.00455709949112594,2.495,0.103457198685248,0.277222222222222
915,714,0.0630550714100534,0.00453294071388676,2.635,0.106845471471042,0.292777777777778
916,715,0.0626282924134083,0.00449731688877289,2.58,0.0957278386650268,0.286666666666667
917,716,0.0621528517397604,0.00448931279745696,2.715,0.0970358427276713,0.301666666666667
918,717,0.0616123321578348,0.0044657302392857,2.59,0.105189467726588,0.287777777777778
919,718,0.0618664536910067,0.00444880793975761,2.59,0.103988306261791,0.287777777777778
920,719,0.0616302362129456,0.00445108370371518,2.75,0.094775587892144,0.305555555555556
921,720,0.0613364475355346,0.00442845549840696,2.55,0.110674042659483,0.283333333333333
922,721,0.0608932896644921,0.00440459169098072,2.63,0.103290097400988,0.292222222222222
923,722,0.0600299120854939,0.00437358393580687,2.645,0.0969114759502417,0.293888888888889
924,723,0.059384440861311,0.00437166497139111,2.635,0.0980148435071887,0.292777777777778
925,724,0.0589306814433033,0.00434709609368569,2.67,0.105647084828041,0.296666666666667
926,725,0.0591662417694433,0.00434277853623521,2.665,0.102549779553308,0.296111111111111
927,726,0.0596861980352457,0.00437463292437713,2.5,0.0945765489859429,0.277777777777778
928,727,0.0599364844950432,0.00444730409273725,2.53,0.0950826141709825,0.281111111111111
929,728,0.0592598569880431,0.00443859254124853,2.59,0.104950335227295,0.287777777777778
930,729,0.0591703797926564,0.00441544262753797,2.615,0.0991616871629614,0.290555555555556
931,730,0.0589410593092876,0.00437788241508232,2.535,0.104154287371617,0.281666666666667
932,731,0.0585377497985076,0.00434546390691507,2.435,0.101886107465505,0.270555555555556
933,732,0.0580312333073778,0.00432149553907746,2.615,0.102892220528212,0.290555555555556
934,733,0.0562502898014248,0.00436492872593469,2.435,0.0976038295236844,0.270555555555556
935,734,0.0567237197971325,0.00439772212691321,2.69,0.093880604169317,0.298888888888889
936,735,0.0564968454363866,0.00441114859848805,2.47,0.0974318470733291,0.274444444444444
937,736,0.056341598088803,0.00445601315759099,2.58,0.104029373509427,0.286666666666667
938,737,0.0561839125504596,0.00445915001381105,2.605,0.105596534700261,0.289444444444444
939,738,0.0563065999836914,0.00446863199506105,2.55,0.0999371661892094,0.283333333333333
940,739,0.0565155205549295,0.00443518254072486,2.53,0.0976893857100248,0.281111111111111
941,740,0.0566152515651537,0.0044463478704617,2.63,0.09623829302947,0.292222222222222
942,741,0.0568332466979495,0.00446530943078893,2.52,0.104655452887537,0.28
943,742,0.0568144007564637,0.00445413656421151,2.5,0.108669430964419,0.277777777777778
944,743,0.0561325657494395,0.00442626680770161,2.585,0.0975265715628517,0.287222222222222
945,744,0.0560561569559198,0.0043994283608872,2.565,0.110861745580547,0.285
946,745,0.0556014420507127,0.00437640565785364,2.6,0.0979693316796065,0.288888888888889
947,746,0.0552478900300874,0.00432962439698451,2.68,0.107216964081878,0.297777777777778
948,747,0.054713930777122,0.00430001441172964,2.495,0.102726034630734,0.277222222222222
949,748,0.0540011364965547,0.00429132866624169,2.67,0.104210359345772,0.296666666666667
950,749,0.0534049694453699,0.00428321290868099,2.445,0.109061206364446,0.271666666666667
