"symptom","low","middle","high"
"anhedonia",0.193874999999999,0.31665,0.472725000000001
"depressed",0.188424999999999,0.323575,0.486349999999999
"sleep",0.270050000000001,0.373850000000001,0.492674999999999
"energy",0.314425,0.451325000000001,0.605349999999999
"appetite",0.17735,0.253449999999999,0.351549999999998
"guilt",0.119424999999999,0.202799999999999,0.331475000000002
"concentration",0.2186,0.324475,0.459825
"psychomotor",0.11515,0.165425,0.234350000000001
"suicidal",0.0507499999999998,0.0730499999999999,0.109049999999999
